net,length_um
_2968_,729.36
_1156_,693.315
_1190_,646.285
_1291_,611.25
_3672_,604.17
_3781_,598.34
_4205_,590.48
_1134_,585.05
_1024_,581.26
clknet_0_CLK,551.79
_3926_,545.31
_1145_,539.98
_1755_,539.49
_3008_,538.9
_3806_,532.9
_1139_,532.76
_1771_,527.48
_3890_,526.62
_3708_,526.08
_1728_,519.85
net103,519.29
net106,518.865
_1742_,518.65
_3998_,516.81
_3853_,509.04
_3915_,505.73
_3389_,505.31
_4034_,498.93
_3368_,497.52
_3029_,497.25
_1140_,496.55
_3828_,495.54
_4106_,493.55
_4189_,491.18
_3625_,490.7
_1628_,488.73
_3842_,483.36
_1950_,482.32
_3078_,481.305
_1137_,481.22
_4178_,481.21
_1173_,480.29
_1133_,479.88
_1747_,477.08
_1168_,476.34
_4095_,474.26
_2987_,469.055
_4070_,467.09
_1135_,466.37
_3636_,465.84
net92,465.22
_1154_,463.6
_1741_,463.41
_1126_,459.59
_3227_,459.5
_3179_,458.47
_4023_,455.62
_1120_,451.805
_1744_,451.565
_1735_,451.56
_3105_,451.5
_1948_,451.325
_1940_,450.93
_3879_,449.51
_1123_,448.71
_3153_,448.465
_1927_,448.22
_3755_,447.71
net46,445.34
_4142_,444.38
_3683_,443.57
_1660_,442.89
_1651_,442.73
_3661_,442.69
_4059_,442.49
_3527_,438.39
_3299_,437.73
_1663_,435.52
net5,435.44
_3697_,433.08
_3770_,433.08
_1144_,432.3
_1312_,432.27
_1147_,429.02
_1117_,427.81
_1630_,427.34
_3901_,425.74
_1199_,425.68
_1943_,422.72
_4167_,421.6
_3574_,419.49
_3610_,417.52
_1330_,416.535
clknet_3_6__leaf_CLK,415.98
_3263_,415.75
net81,415.34
_3864_,414.41
_1119_,414.05
net107,411.8
_1307_,410.78
_3067_,409.64
_1964_,409.245
_1034_,408.8
_1122_,408.06
_1183_,407.93
_3056_,407.86
_1707_,407.8
_3792_,407.64
_1295_,407.4
_1773_,406.94
_3937_,406.72
_1116_,405.17
_3278_,404.51
_1298_,403.66
_1129_,403.33
_1772_,402.125
_3347_,399.55
_3168_,399.09
_1749_,398.89
_3599_,398.89
_3647_,398.64
_1381_,398.2
_1982_,398.155
_3516_,397.97
_1872_,397.42
_1998_,397.4
_1158_,397.04
_3817_,396.7
_1191_,396.69
_1737_,396.39
_1284_,396.04
_1694_,395.03
_4117_,394.41
_1902_,392.28
_3588_,392.13
_4081_,392
_1750_,391.96
_1113_,391.65
_4131_,390.45
_3205_,389.81
_1198_,388.38
_1172_,387.18
_3094_,386.775
_1294_,386.24
_1125_,383.41
_4009_,383.205
net38,381.52
_1149_,379.75
_3190_,378.17
_4045_,377.89
_3733_,377.18
clknet_3_1__leaf_CLK,376.41
_1128_,376.27
_1302_,376.25
clknet_3_0__leaf_CLK,375.87
_1163_,374.12
_1042_,373.835
_3216_,373.5
net100,372.495
_4216_,372.29
CLK,371.12
_3116_,370.53
_3444_,369.94
net43,368.93
_1321_,367.97
_1703_,367.12
_3719_,366.85
_1283_,365.605
_3408_,365.57
_1303_,365.08
_1203_,364.6
_1652_,364.5
_3987_,364.395
_2165_,363.63
_1329_,363.56
_3744_,362.03
_3131_,361.52
_2087_,361.37
_1768_,359.56
_1888_,358.96
_1146_,356.83
_3538_,356
_1653_,355.7
_3241_,354.51
_1842_,354.24
_1192_,353.39
_3252_,353.19
_1704_,352.26
net40,352.22
_2149_,351.51
_1764_,351.185
_1958_,350.62
_1197_,347.34
_4153_,347.21
_2086_,345.5
_1698_,343.98
_1641_,343.695
_1960_,342.45
net42,340.78
_3502_,340.45
clknet_3_3__leaf_CLK,340.06
net9,339.9
_1180_,339.26
_1709_,334.68
_1044_,333.82
net37,332.98
_1959_,332.67
_1159_,332.59
_1952_,332.44
_3491_,332.19
_1143_,332.02
_1148_,331.06
_1693_,330.29
net47,329.86
_1309_,329.5
_1711_,329.1
_1181_,328.49
_3552_,327.95
_3142_,327.53
_1699_,327.22
_2074_,326.91
_1966_,326.76
_1732_,324.6
clknet_3_4__leaf_CLK,324.13
_1730_,323.49
net41,323.4
_1127_,322.39
_2081_,322.39
net36,322.18
_1700_,321.52
_3430_,320.11
_3480_,320.11
_1955_,319.545
_1856_,319.2
net25,319.19
_1643_,317.22
net137,316.76
_3973_,314.08
_3320_,312.72
net10,312.4
_1939_,311.55
_3563_,311.405
_1951_,310.43
net111,308.3
_1320_,308.04
_1683_,306.935
net112,304.28
net82,302.18
_3951_,301.89
_1695_,299.95
_2071_,299.92
_2263_,299.87
_1919_,297.275
net136,296.12
_1397_,294.67
_1358_,294.5
clknet_3_2__leaf_CLK,293.73
_1031_,291.91
_1655_,290.86
_3466_,290.12
net134,289.775
_2032_,288.845
_4094_,287.49
net132,286.92
_3962_,285.71
_3455_,284.95
_1293_,284.6
_1918_,280.5
_2070_,280.29
_1731_,280.15
net11,280.06
net83,279.99
_1817_,279.56
net99,279.5
_1816_,278.03
net14,277.66
_1074_,277.53
_1810_,277.39
_1930_,277.26
_1282_,276.32
_1118_,275.33
_1929_,275
_1035_,271.95
_1429_,271.77
_2008_,270.95
_1160_,270.46
clknet_3_7__leaf_CLK,270.15
_1061_,269.84
_4022_,268.73
_1666_,268.46
_3696_,266.82
net109,265.8
net48,265.72
_2016_,265.35
_1026_,264.45
net110,264.4
_1095_,262.68
_1826_,262.62
net98,262.5
_1656_,262.22
_1301_,261.78
_1036_,261.545
_1054_,261.36
_1920_,261.19
_1682_,260.16
_1729_,260.1
_1778_,259.46
_3419_,257.15
_3878_,256.18
_1393_,256.08
_1410_,255.34
_1757_,254.63
net12,254.61
_1328_,252.48
_2193_,252.33
net45,251.69
_1344_,251.45
_1383_,251.28
_1025_,250.43
net101,249.15
_2967_,248.86
net130,247.86
_1382_,247.48
net97,246.73
net133,246.32
_2009_,245.92
clknet_3_5__leaf_CLK,244.7
_2078_,244.64
net4,243.26
_2077_,242.91
_1411_,242.76
_3986_,241.71
_3167_,241.39
_2062_,240.6
_1394_,238.15
net102,237.6
_3093_,236.89
_1797_,236.7
net44,236.665
_1492_,236.05
net39,236.03
net131,235.76
_2046_,235.61
net95,234.76
_1727_,234.72
net13,234.59
_1734_,234.28
_1685_,234.03
_1415_,233.82
_3914_,232.74
_1684_,231.25
_2296_,231.25
_1030_,230.635
net30,228.48
net32,228.36
net15,228.25
_1922_,226.77
_2119_,224.68
_1121_,223.36
_1052_,222.89
_4130_,221.95
_4058_,221.51
_1631_,220.92
_1923_,219.035
net18,218.33
_2254_,218.24
_1632_,216.53
_3769_,215.42
_2399_,214.9
net2,214.84
net68,214.42
_1736_,214.4
_3660_,214.36
_3515_,213.7
net89,213.3
net128,212.04
_1078_,211.91
net86,209.92
_3277_,209.74
_1635_,208.78
net129,208.52
_1621_,208.21
_2391_,206.305
net87,206.02
_1624_,205.7
net27,205.44
_1138_,204.76
net88,204.64
_1027_,203.9
_2236_,203.86
_1403_,203.47
_1077_,202.65
net31,202.52
_1476_,201.7
net91,201.66
net96,200.66
net90,199.66
_1041_,199.02
_3624_,198.07
_3841_,197.12
net93,196.44
_1043_,195.94
net6,195.45
net94,195.34
_1375_,195.28
_1999_,194.99
net16,194.98
_1795_,194.945
net8,194.54
net126,193.74
_1625_,193.69
_3028_,190.07
_1794_,189.8
_2266_,188.39
_3407_,187.59
net64,185.93
net19,185.06
_2000_,184.53
_2110_,184.35
_3319_,184.26
net1,183.69
_3357_,183.22
net127,182.12
_2999_,180.76
_3039_,177.85
_2326_,175.6
_2398_,175.52
_2109_,174.37
_3033_,174.31
_3311_,173.93
_3045_,173.4
_3443_,172.78
_3551_,172.61
_1617_,172.6
net55,172.34
_3363_,171.12
_2383_,170.63
_1583_,169.68
net63,169.31
_2997_,168.68
_1569_,168.66
_2179_,167.6
_2358_,166.33
_3479_,165.98
_2269_,165.77
_1404_,165.29
_3051_,164.87
_1618_,164.8
net66,164.02
_3950_,163.84
net123,163.64
_2459_,162.82
net121,162.75
_3037_,161.08
_2234_,160.36
_3020_,160.33
_3047_,160.24
_2463_,159.435
net17,157.9
_1445_,157.36
net122,157.18
_3035_,155.95
net26,155.22
_2991_,154.74
_3003_,154.67
_2100_,153.8
_3336_,153.57
_2237_,152.45
_2259_,149.02
_3288_,148.89
net104,147.9
_3026_,147.62
net33,147.6
net65,147.26
_3018_,146.95
_2220_,146.06
_2541_,146.05
_3380_,145.51
clknet_leaf_22_CLK,144.415
_2392_,144.17
_3041_,143.74
_2252_,143.04
net84,142.68
_2319_,142.27
_3326_,141.58
_1392_,140.7
_3732_,140.2
net60,139.72
net85,139.51
net125,139.34
net105,139.22
_3330_,139.09
_2421_,137.965
_3024_,136.64
_1462_,136.52
_3282_,135.2
_2243_,135.13
net119,134.78
_3332_,134.71
_3240_,134.24
_2241_,134.1
_2993_,133.34
_3393_,133.16
_2970_,132.78
net22,132.58
_2980_,132.54
_1205_,132.14
clknet_leaf_27_CLK,131.9
_3280_,130.995
_2716_,130.32
_1115_,130.28
_2549_,129.66
clknet_leaf_67_CLK,129.46
_2657_,129.34
_2989_,128.68
_3010_,128.55
_2462_,127.825
_2386_,127.26
clknet_leaf_16_CLK,126.86
_2586_,125.5
_2995_,125.43
_2084_,125.24
_3338_,124.89
_3012_,124.77
_3342_,124.65
net20,124.14
_2560_,124.08
_3328_,123.62
_3016_,123.3
net3,123.18
_1281_,122.44
_2568_,122.06
clknet_leaf_33_CLK,121.88
_3294_,121.65
_2340_,121.46
clknet_leaf_70_CLK,121.415
_2260_,120.72
_3049_,120.56
clknet_leaf_0_CLK,120.48
clknet_leaf_56_CLK,120.46
net59,120.36
_2209_,120.28
_3014_,120.1
_2233_,119.915
_3397_,119.68
clknet_leaf_26_CLK,119.36
clknet_leaf_38_CLK,118.06
_1056_,117.92
net56,117.77
_2974_,117.34
_2133_,117.06
clknet_leaf_93_CLK,116.58
_3349_,115.92
_2208_,115.64
_3007_,115.6
_2389_,115.55
_2976_,115.42
_3313_,115.37
_3001_,115.3
_2478_,115.25
_2416_,114.44
clknet_leaf_46_CLK,114.38
_2780_,114.18
_1616_,113.99
_3130_,113.68
clknet_leaf_23_CLK,113.35
net120,113.16
_3317_,112.92
_3346_,112.58
_2293_,112.37
_3284_,112.12
_2540_,112.02
_3276_,111.79
_2504_,111.62
_2206_,111.52
_3374_,111.47
_3031_,111.42
_3301_,111.41
_3324_,111.35
clknet_leaf_54_CLK,111.04
_2318_,110.56
_2332_,110.06
_3322_,109.99
_2428_,109.76
_2709_,109.7
_2618_,109.18
net71,108.92
_3005_,108.45
_2402_,108.38
_2479_,108.36
clknet_leaf_41_CLK,108.26
_2680_,108.17
clknet_leaf_31_CLK,108
_2972_,107.94
clknet_leaf_62_CLK,107.8
clknet_leaf_49_CLK,107.48
_3382_,107.4
_3388_,107.33
clknet_leaf_73_CLK,107.12
_3359_,106.9
_2219_,106.82
_3309_,106.8
_2211_,106.46
_3303_,106.44
net24,106.2
clknet_leaf_2_CLK,105.92
_2218_,105.88
_3022_,105.64
clknet_leaf_68_CLK,105.64
_2982_,105.57
_3305_,105.52
_2212_,105.29
_2240_,105.065
_3376_,104.58
_2454_,104.24
_3372_,103
_2636_,102.82
net51,102.32
_2304_,102.12
clknet_leaf_40_CLK,102.02
clknet_leaf_28_CLK,101.4
_2571_,101.3
_3292_,101.285
clknet_leaf_39_CLK,101.1
clknet_leaf_43_CLK,100.915
_3367_,100.66
_2817_,100.55
_2229_,100.54
clknet_leaf_29_CLK,100.28
_3587_,100.14
clknet_leaf_86_CLK,100.14
clknet_leaf_42_CLK,99.75
_2663_,99.62
clknet_leaf_18_CLK,99.42
net115,99.03
clknet_leaf_20_CLK,99
_1114_,98.64
_3204_,98.46
_1076_,98.24
net124,98.18
_2672_,97.96
clknet_leaf_61_CLK,97.78
_2963_,97.46
_3355_,97.3
_3805_,96.66
clknet_leaf_71_CLK,96.26
_3351_,95.72
_3296_,95.58
clknet_leaf_11_CLK,95.36
_3340_,94.88
_3290_,94.75
net53,94.7
net75,94.44
_3315_,94.04
_2775_,94.02
_3043_,93.8
_3384_,93.64
net117,93.5
clknet_leaf_84_CLK,93.08
_2436_,92.86
clknet_leaf_5_CLK,92.32
_3395_,92.28
clknet_leaf_17_CLK,92.22
_3286_,91.8
net52,91.66
_3353_,91.48
_2014_,91.22
net28,91
_2985_,90.98
_1267_,90.64
net54,90.54
_3386_,90.29
clknet_leaf_90_CLK,89.98
clknet_leaf_12_CLK,89.9
_2446_,89.88
_2758_,89.84
_3370_,88.92
_3391_,88.52
clknet_leaf_37_CLK,88.3
clknet_leaf_47_CLK,88.2
_3344_,87.6
clknet_leaf_45_CLK,87.21
_4166_,87.02
_2404_,86.16
_1096_,86.14
net78,85.86
_2305_,85.34
clknet_leaf_7_CLK,85.23
_2205_,85.18
_2715_,84.68
_3055_,84.28
_2639_,84
_2397_,83.82
_3361_,83.68
_2322_,83.06
_3334_,82.84
_2741_,82.68
_2265_,82.66
clknet_leaf_82_CLK,82.55
_1075_,81.56
_2673_,81.52
_1169_,81.5
_2489_,81.42
clknet_leaf_10_CLK,81.22
_2786_,81.12
net118,80.94
net144,80.63
net35,80.58
clknet_leaf_36_CLK,80.48
_2695_,80.26
_1801_,79.92
_2803_,79.86
_2468_,79.33
_2637_,78.78
_2467_,78.73
_1599_,78.72
_2563_,78.67
_3307_,78.42
_1221_,78.26
clknet_leaf_8_CLK,78.24
_2443_,77.72
clknet_leaf_87_CLK,77.3
_2341_,77.12
net34,76.94
_1615_,76.74
clknet_leaf_34_CLK,76.74
_3298_,76.62
clknet_leaf_57_CLK,76.38
clknet_leaf_89_CLK,76.34
clknet_leaf_9_CLK,76.02
clknet_leaf_15_CLK,75.9
_2978_,75.72
clknet_leaf_76_CLK,75.48
_2420_,75.18
clknet_leaf_59_CLK,75
_2215_,74.84
_3365_,74.72
net72,74.6
_2794_,74.52
clknet_leaf_44_CLK,74.18
clknet_leaf_32_CLK,73.88
_2690_,73.8
clknet_leaf_80_CLK,73.74
clknet_leaf_1_CLK,73.52
clknet_leaf_19_CLK,73.46
_2407_,73.3
clknet_leaf_75_CLK,73.23
clknet_leaf_25_CLK,72.42
_2498_,72.18
clknet_leaf_6_CLK,72.04
clknet_leaf_74_CLK,71.76
clknet_leaf_79_CLK,71.3
_1226_,70.86
_2694_,70.66
clknet_leaf_64_CLK,70.16
_3378_,70.08
_2524_,70.07
clknet_leaf_35_CLK,69.58
_2628_,69.54
_2348_,69.2
_2405_,69.08
clknet_leaf_51_CLK,68.94
_2527_,68.88
_2828_,68.84
clknet_leaf_81_CLK,68.7
clknet_leaf_30_CLK,68.62
_2509_,68.38
_2765_,68.375
_2768_,68.26
_2230_,68.06
A2[1],67.86
_2717_,67.68
net138,67.52
_2681_,67.18
_1833_,67.06
_2604_,66.97
_2820_,66.22
_2675_,65.9
_2518_,65.64
_2239_,65.62
clknet_leaf_65_CLK,65.56
_2683_,65.42
clknet_leaf_4_CLK,65.02
_2642_,64.3
_2711_,63.68
_1529_,63.5
_2261_,63.38
_2107_,63.28
clknet_leaf_83_CLK,63.26
clknet_leaf_69_CLK,63.16
clknet_leaf_88_CLK,63.1
_2238_,63.04
_3053_,62.86
clknet_leaf_91_CLK,62.78
_2250_,62.5
_1522_,62.46
_2203_,62.34
clknet_leaf_53_CLK,62.28
_2512_,62.22
_2829_,62
_1751_,61.86
_2235_,61.66
_1317_,61.6
A2[0],61.54
_2466_,61.42
net23,61.4
clknet_leaf_48_CLK,61.04
_2847_,60.82
_2303_,60.74
clknet_leaf_50_CLK,60.5
_2748_,60.44
_1361_,60.34
clknet_leaf_13_CLK,59.85
_2950_,59.56
clknet_leaf_92_CLK,59.46
net29,59.28
_2298_,59.18
_2264_,59.08
_2222_,59.02
_2559_,59
_2778_,58.96
_2417_,58.86
_2661_,58.74
_2572_,58.65
net113,58.3
_2409_,58.18
net7,58.02
_2422_,57.86
_2831_,57.56
_1251_,57.44
_2746_,57.4
_2986_,56.98
rf.registers\[13\]\[23\],56.92
_2192_,56.86
_2513_,56.8
_2005_,56.76
clknet_leaf_94_CLK,56.54
_2919_,56.48
_2885_,56.3
_2732_,55.9
rf.registers\[17\]\[25\],55.9
_2625_,55.72
_2790_,55.72
_3054_,55.6
_1879_,55.28
clknet_leaf_66_CLK,55.04
_1292_,54.97
_3092_,54.92
net49,54.74
_2776_,54.5
clknet_leaf_55_CLK,54.08
_2955_,54.02
_1909_,53.9
_2308_,53.88
_2223_,53.84
_2384_,53.44
_1055_,53.3
_2444_,53.06
clknet_leaf_58_CLK,52.92
clknet_leaf_52_CLK,52.8
clknet_leaf_85_CLK,52.52
_2282_,52.34
_2898_,52.34
_2207_,52.19
_2856_,52.08
_2506_,51.94
net135,51.94
clknet_leaf_77_CLK,51.87
_2338_,51.82
_2592_,51.7
_2624_,51.7
rf.registers\[1\]\[27\],51.64
_2330_,51.54
_2411_,51.5
net21,51.48
clknet_leaf_24_CLK,51.42
_2593_,51.24
_2648_,51.22
_2320_,51.21
_2069_,51.12
_2309_,50.9
clknet_leaf_21_CLK,50.88
_2414_,50.7
_2313_,50.66
_2523_,50.44
_2556_,50.24
_2646_,50.12
_2335_,50.06
_2669_,49.5
_2440_,49.46
clknet_leaf_14_CLK,49.38
_3129_,49.24
_2344_,49.1
_2224_,48.7
_1508_,48.62
clknet_leaf_3_CLK,48.62
_2325_,48.48
_3203_,48.26
_2837_,48.02
_2156_,47.98
_2626_,47.96
_2257_,47.86
_1753_,47.66
_2503_,47.62
_2801_,47.58
_1847_,47.2
clknet_leaf_78_CLK,46.9
_2903_,46.82
_2750_,46.78
_2943_,46.74
_2566_,46.56
_2291_,46.445
_2452_,46.22
_2893_,45.77
_1989_,45.74
rf.registers\[20\]\[16\],45.54
_2178_,45.5
_1863_,45.26
_2460_,45.12
_2762_,44.66
_2697_,44.5
_1973_,44.34
_2696_,44.3
net74,44.16
_2956_,44.1
_1444_,44
_2473_,43.9
rf.registers\[15\]\[6\],43.85
_2726_,43.82
_2228_,43.8
_2597_,43.78
_2387_,43.58
_1893_,43.46
_2627_,43.44
_2401_,43.4
_1364_,43.3
_2781_,43.14
rf.registers\[21\]\[25\],43.06
_2280_,43
_2331_,42.96
_2739_,42.96
_2553_,42.82
_2300_,42.78
_2262_,42.64
_1499_,42.62
_1743_,42.52
_2347_,42.32
_2862_,42.3
_1574_,42.22
_2605_,42.03
_2555_,42
_2718_,41.8
_1356_,41.78
_1692_,41.76
rf.registers\[20\]\[9\],41.66
_1335_,41.58
_2720_,41.54
_2728_,41.44
_2799_,41.4
_1580_,41.16
_2500_,41.08
_2312_,40.94
_2057_,40.82
_2964_,40.56
clknet_leaf_72_CLK,40.5
_2053_,40.32
_2882_,40.16
_2324_,40.08
_2464_,40.04
_2805_,39.91
_2558_,39.78
_2158_,39.12
_2629_,39
rf.registers\[16\]\[22\],38.98
_1545_,38.74
_2792_,38.56
net116,38.52
_2258_,38.5
rf.registers\[25\]\[12\],38.48
_1443_,38.46
_2123_,38.46
_2041_,38.32
_2104_,38.02
_1258_,37.86
_2595_,37.86
_2959_,37.66
rf.registers\[15\]\[15\],37.54
_2369_,37.5
_2850_,37.5
_2565_,37.38
clknet_leaf_60_CLK,37.12
_2921_,36.96
rf.registers\[24\]\[16\],36.96
rf.registers\[19\]\[16\],36.74
_2554_,36.72
_2708_,36.6
rf.registers\[9\]\[6\],36.48
_2363_,36.42
_2437_,36.42
_2834_,36.34
_2385_,36.22
rf.registers\[23\]\[16\],35.9
_1606_,35.84
_1650_,35.72
net139,35.38
_1279_,35.26
_2872_,35.26
rf.registers\[26\]\[12\],35.255
rf.registers\[11\]\[9\],35.1
rf.registers\[26\]\[17\],35.055
_1928_,34.94
_2719_,34.84
_2049_,34.74
rf.registers\[21\]\[14\],34.7
_2200_,34.68
_2868_,34.58
rf.registers\[18\]\[28\],34.57
rf.registers\[12\]\[7\],34.5
_2685_,34.47
rf.registers\[22\]\[16\],34.335
rf.registers\[30\]\[18\],34.29
rf.registers\[27\]\[12\],34.14
rf.registers\[27\]\[23\],34
_2552_,33.88
rf.registers\[19\]\[28\],33.82
_2458_,33.76
_2352_,33.635
_2054_,33.6
rf.registers\[19\]\[29\],33.44
_2371_,33.4
_2377_,33.2
rf.registers\[23\]\[13\],33.18
_1513_,33.08
rf.registers\[14\]\[15\],33.08
_2242_,32.96
_2140_,32.88
rf.registers\[15\]\[3\],32.88
_1916_,32.76
rf.registers\[27\]\[22\],32.68
_1070_,32.66
rf.registers\[29\]\[13\],32.66
_2356_,32.485
_1680_,32.46
rf.registers\[11\]\[18\],32.4
rf.registers\[28\]\[13\],32.38
_1908_,32.36
_1691_,32.28
_1338_,32.26
_2091_,32.06
_2809_,32.04
rf.registers\[18\]\[16\],31.88
rf.registers\[10\]\[17\],31.85
_2852_,31.84
_2116_,31.82
rf.registers\[29\]\[7\],31.8
rf.registers\[9\]\[21\],31.6
_1436_,31.58
_2723_,31.58
_4163_,31.36
rf.registers\[0\]\[27\],31.32
rf.registers\[26\]\[26\],31.31
_1552_,31.16
rf.registers\[21\]\[7\],31.16
rf.registers\[5\]\[20\],31.16
rf.registers\[30\]\[12\],31.115
rf.registers\[0\]\[4\],31.05
_2253_,31.02
rf.registers\[18\]\[29\],31.015
rf.registers\[19\]\[4\],31
_1738_,30.96
_1926_,30.94
_2550_,30.915
_2937_,30.74
rf.registers\[21\]\[13\],30.74
_2314_,30.72
_3768_,30.58
rf.registers\[24\]\[17\],30.44
rf.registers\[23\]\[12\],30.4
rf.registers\[11\]\[28\],30.37
_2227_,30.36
_2897_,30.325
rf.registers\[15\]\[18\],30.32
rf.registers\[26\]\[15\],30.275
_2214_,30.2
_2216_,30.18
rf.registers\[7\]\[12\],30.14
rf.registers\[15\]\[13\],30.1
rf.registers\[17\]\[12\],30.06
rf.registers\[26\]\[13\],29.97
rf.registers\[10\]\[2\],29.935
_2321_,29.92
_2507_,29.86
rf.registers\[17\]\[4\],29.84
_3877_,29.79
_1949_,29.76
_2496_,29.7
_2037_,29.66
rf.registers\[25\]\[28\],29.52
_2531_,29.44
rf.registers\[12\]\[17\],29.4
_3711_,29.28
rf.registers\[0\]\[2\],29.28
_1590_,29.22
rf.registers\[1\]\[25\],29.16
rf.registers\[20\]\[12\],29.14
rf.registers\[15\]\[23\],29.08
rf.registers\[0\]\[13\],29.06
rf.registers\[18\]\[23\],29.01
rf.registers\[17\]\[14\],28.82
_1748_,28.81
_1878_,28.8
_2770_,28.8
rf.registers\[4\]\[20\],28.74
rf.registers\[22\]\[23\],28.7
rf.registers\[7\]\[25\],28.495
_1629_,28.48
_1911_,28.48
rf.registers\[25\]\[1\],28.46
rf.registers\[30\]\[28\],28.455
_1921_,28.44
_1326_,28.4
rf.registers\[24\]\[1\],28.36
_1673_,28.34
_2777_,28.34
rf.registers\[23\]\[11\],28.3
rf.registers\[16\]\[21\],28.28
_3091_,28.24
rf.registers\[14\]\[2\],28.185
_1402_,28.14
_1859_,28.14
rf.registers\[31\]\[5\],28.14
rf.registers\[18\]\[20\],28.11
_3406_,28.1
rf.registers\[5\]\[9\],28.1
rf.registers\[1\]\[5\],28.04
rf.registers\[8\]\[23\],28.015
rf.registers\[29\]\[12\],28.01
_2645_,28
rf.registers\[27\]\[27\],28
_2249_,27.94
rf.registers\[27\]\[2\],27.78
rf.registers\[2\]\[23\],27.775
rf.registers\[9\]\[16\],27.76
rf.registers\[22\]\[29\],27.73
rf.registers\[22\]\[11\],27.715
rf.registers\[26\]\[28\],27.68
rf.registers\[1\]\[14\],27.67
_1488_,27.6
_2323_,27.58
_2357_,27.56
_2379_,27.56
rf.registers\[16\]\[20\],27.56
_2445_,27.52
rf.registers\[30\]\[26\],27.51
rf.registers\[23\]\[31\],27.49
_2367_,27.48
_2317_,27.46
rf.registers\[26\]\[18\],27.415
rf.registers\[22\]\[10\],27.41
rf.registers\[11\]\[12\],27.4
_1349_,27.38
_2763_,27.34
rf.registers\[6\]\[12\],27.3
rf.registers\[8\]\[5\],27.3
_1224_,27.285
rf.registers\[30\]\[14\],27.25
_2859_,27.2
_2519_,27.18
rf.registers\[12\]\[23\],27.16
_1471_,27.14
_2924_,27.14
_2201_,27.12
rf.registers\[4\]\[25\],27.06
rf.registers\[23\]\[4\],27.05
_2247_,27.02
rf.registers\[26\]\[29\],27
net114,26.98
rf.registers\[10\]\[18\],26.91
_1820_,26.9
_1535_,26.88
_3633_,26.88
rf.registers\[15\]\[2\],26.86
_2198_,26.84
rf.registers\[0\]\[20\],26.82
rf.registers\[17\]\[9\],26.82
rf.registers\[23\]\[20\],26.76
_1844_,26.68
rf.registers\[20\]\[4\],26.68
_1334_,26.64
_1380_,26.64
_2883_,26.59
rf.registers\[14\]\[12\],26.59
rf.registers\[26\]\[3\],26.585
_1032_,26.56
rf.registers\[11\]\[27\],26.52
rf.registers\[23\]\[29\],26.48
rf.registers\[25\]\[31\],26.48
_1996_,26.42
_1081_,26.4
_1068_,26.38
_2684_,26.38
_1495_,26.36
rf.registers\[23\]\[3\],26.36
rf.registers\[25\]\[16\],26.36
rf.registers\[20\]\[6\],26.33
_2644_,26.32
_1464_,26.24
rf.registers\[20\]\[29\],26.2
rf.registers\[24\]\[11\],26.2
_1270_,26.185
_2168_,26.18
_2034_,26.16
rf.registers\[22\]\[22\],26.11
rf.registers\[31\]\[18\],26.04
rf.registers\[8\]\[26\],26.02
_2843_,25.98
rf.registers\[19\]\[1\],25.98
rf.registers\[10\]\[14\],25.97
_1186_,25.96
rf.registers\[12\]\[21\],25.94
_2289_,25.92
rf.registers\[14\]\[16\],25.91
_2841_,25.88
rf.registers\[30\]\[3\],25.87
_1366_,25.86
_1420_,25.84
rf.registers\[27\]\[17\],25.84
rf.registers\[22\]\[20\],25.83
_2802_,25.82
rf.registers\[9\]\[17\],25.82
rf.registers\[25\]\[21\],25.8
rf.registers\[8\]\[19\],25.8
rf.registers\[9\]\[12\],25.8
rf.registers\[9\]\[7\],25.8
rf.registers\[31\]\[23\],25.78
rf.registers\[15\]\[5\],25.76
rf.registers\[12\]\[28\],25.72
rf.registers\[2\]\[14\],25.715
_1787_,25.68
rf.registers\[28\]\[7\],25.62
_2472_,25.58
rf.registers\[23\]\[9\],25.55
rf.registers\[26\]\[23\],25.55
_2001_,25.54
_1671_,25.52
_1531_,25.5
rf.registers\[28\]\[2\],25.48
rf.registers\[6\]\[17\],25.48
_2375_,25.46
_2896_,25.46
_1528_,25.44
_2449_,25.4
rf.registers\[18\]\[12\],25.375
rf.registers\[27\]\[7\],25.36
rf.registers\[17\]\[24\],25.32
rf.registers\[1\]\[4\],25.32
rf.registers\[3\]\[31\],25.32
rf.registers\[19\]\[7\],25.28
rf.registers\[25\]\[24\],25.26
_2439_,25.22
rf.registers\[27\]\[4\],25.22
rf.registers\[31\]\[22\],25.22
rf.registers\[7\]\[31\],25.2
_2900_,25.195
rf.registers\[1\]\[13\],25.16
rf.registers\[26\]\[4\],25.145
rf.registers\[5\]\[25\],25.14
_3061_,25.12
rf.registers\[21\]\[11\],25.12
rf.registers\[29\]\[14\],25.12
_2499_,25.1
rf.registers\[25\]\[3\],25.1
_2023_,25.04
_3125_,25.04
rf.registers\[31\]\[6\],25.04
rf.registers\[26\]\[14\],25.03
rf.registers\[10\]\[21\],25.01
_1900_,25
rf.registers\[28\]\[1\],25
rf.registers\[27\]\[31\],24.94
rf.registers\[16\]\[23\],24.9
rf.registers\[27\]\[9\],24.9
_1942_,24.88
_2301_,24.86
rf.registers\[22\]\[21\],24.85
rf.registers\[26\]\[24\],24.84
_1670_,24.82
rf.registers\[0\]\[8\],24.76
_1519_,24.72
rf.registers\[24\]\[21\],24.72
rf.registers\[15\]\[19\],24.68
rf.registers\[31\]\[29\],24.68
_2339_,24.67
rf.registers\[10\]\[13\],24.67
rf.registers\[30\]\[25\],24.61
_2871_,24.6
rf.registers\[11\]\[19\],24.6
rf.registers\[31\]\[25\],24.585
_2189_,24.58
rf.registers\[19\]\[31\],24.58
_1512_,24.54
rf.registers\[27\]\[25\],24.5
rf.registers\[2\]\[19\],24.485
_3820_,24.46
rf.registers\[3\]\[17\],24.44
rf.registers\[11\]\[21\],24.42
_2869_,24.4
rf.registers\[25\]\[22\],24.4
_1255_,24.38
_2649_,24.38
_2373_,24.34
_2310_,24.32
rf.registers\[25\]\[29\],24.28
rf.registers\[2\]\[22\],24.275
rf.registers\[20\]\[15\],24.24
_1314_,24.2
rf.registers\[31\]\[11\],24.2
_2614_,24.18
rf.registers\[24\]\[6\],24.18
rf.registers\[6\]\[21\],24.175
rf.registers\[18\]\[15\],24.145
rf.registers\[11\]\[24\],24.14
_1725_,24.12
_2658_,24.12
rf.registers\[22\]\[14\],24.11
rf.registers\[19\]\[10\],24.08
_1332_,24.06
_2876_,24.055
rf.registers\[30\]\[23\],24.055
_2337_,24.02
_2153_,24
rf.registers\[18\]\[10\],23.995
rf.registers\[22\]\[12\],23.995
_1472_,23.98
_1607_,23.98
rf.registers\[5\]\[21\],23.98
rf.registers\[9\]\[29\],23.94
_1299_,23.92
_2286_,23.92
_2477_,23.92
_2901_,23.92
_2934_,23.92
rf.registers\[22\]\[6\],23.915
_0663_,23.88
rf.registers\[16\]\[1\],23.88
rf.registers\[24\]\[31\],23.88
_3154_,23.855
_1560_,23.84
rf.registers\[8\]\[7\],23.84
rf.registers\[2\]\[0\],23.815
rf.registers\[15\]\[14\],23.8
rf.registers\[30\]\[16\],23.795
_1346_,23.78
rf.registers\[16\]\[11\],23.78
rf.registers\[22\]\[13\],23.78
rf.registers\[28\]\[4\],23.78
_1799_,23.72
rf.registers\[27\]\[6\],23.7
_2584_,23.62
rf.registers\[20\]\[1\],23.62
rf.registers\[14\]\[17\],23.61
rf.registers\[2\]\[21\],23.605
rf.registers\[16\]\[9\],23.58
_1239_,23.56
_1776_,23.54
_2806_,23.54
rf.registers\[20\]\[2\],23.5
rf.registers\[4\]\[28\],23.495
rf.registers\[14\]\[28\],23.49
rf.registers\[13\]\[0\],23.48
rf.registers\[23\]\[28\],23.48
rf.registers\[8\]\[25\],23.48
rf.registers\[30\]\[6\],23.475
rf.registers\[5\]\[28\],23.46
_2577_,23.45
_1792_,23.44
rf.registers\[0\]\[14\],23.42
_1085_,23.38
rf.registers\[17\]\[21\],23.38
rf.registers\[23\]\[14\],23.38
rf.registers\[23\]\[23\],23.38
rf.registers\[29\]\[23\],23.38
rf.registers\[18\]\[31\],23.36
rf.registers\[4\]\[0\],23.34
rf.registers\[3\]\[14\],23.33
_2621_,23.32
rf.registers\[8\]\[12\],23.26
rf.registers\[6\]\[18\],23.255
rf.registers\[6\]\[14\],23.25
rf.registers\[30\]\[11\],23.23
_3741_,23.22
rf.registers\[20\]\[10\],23.22
rf.registers\[23\]\[1\],23.22
rf.registers\[14\]\[22\],23.21
_3542_,23.16
rf.registers\[30\]\[29\],23.11
rf.registers\[15\]\[29\],23.1
_1178_,23.08
_2120_,23.08
_2137_,23.08
rf.registers\[16\]\[16\],23.08
rf.registers\[17\]\[22\],23.08
_2039_,23.06
_1564_,23.04
_1858_,23.04
rf.registers\[16\]\[26\],23.02
rf.registers\[9\]\[15\],23.02
rf.registers\[6\]\[15\],23.015
rf.registers\[10\]\[24\],23.01
_2043_,22.96
_1099_,22.94
_1189_,22.92
_4018_,22.92
_4109_,22.92
rf.registers\[31\]\[4\],22.89
rf.registers\[15\]\[17\],22.88
rf.registers\[31\]\[14\],22.88
_3722_,22.8
rf.registers\[3\]\[9\],22.78
rf.registers\[3\]\[24\],22.76
_1761_,22.74
rf.registers\[2\]\[15\],22.73
_2774_,22.725
_2838_,22.72
rf.registers\[12\]\[13\],22.72
rf.registers\[12\]\[27\],22.72
rf.registers\[5\]\[27\],22.7
rf.registers\[7\]\[0\],22.68
rf.registers\[1\]\[26\],22.66
rf.registers\[18\]\[18\],22.655
rf.registers\[15\]\[16\],22.64
rf.registers\[13\]\[11\],22.63
rf.registers\[2\]\[13\],22.615
_3082_,22.6
rf.registers\[30\]\[10\],22.585
_1963_,22.58
rf.registers\[14\]\[3\],22.545
_1548_,22.54
_3403_,22.54
rf.registers\[20\]\[13\],22.54
rf.registers\[30\]\[5\],22.54
rf.registers\[31\]\[13\],22.54
rf.registers\[5\]\[29\],22.54
_1539_,22.5
rf.registers\[20\]\[5\],22.5
rf.registers\[4\]\[31\],22.48
rf.registers\[4\]\[26\],22.46
rf.registers\[26\]\[2\],22.45
rf.registers\[12\]\[1\],22.42
rf.registers\[7\]\[11\],22.42
rf.registers\[18\]\[9\],22.41
_2949_,22.38
rf.registers\[24\]\[8\],22.38
rf.registers\[4\]\[15\],22.38
_2865_,22.36
rf.registers\[25\]\[7\],22.36
_1543_,22.34
rf.registers\[18\]\[19\],22.335
rf.registers\[30\]\[15\],22.335
rf.registers\[23\]\[27\],22.32
rf.registers\[24\]\[23\],22.32
_1784_,22.28
rf.registers\[0\]\[28\],22.28
rf.registers\[12\]\[2\],22.26
rf.registers\[13\]\[10\],22.24
rf.registers\[28\]\[6\],22.24
rf.registers\[0\]\[3\],22.22
rf.registers\[14\]\[26\],22.21
_1265_,22.2
rf.registers\[20\]\[3\],22.2
rf.registers\[8\]\[17\],22.2
rf.registers\[2\]\[7\],22.195
rf.registers\[30\]\[8\],22.19
rf.registers\[23\]\[0\],22.18
rf.registers\[9\]\[3\],22.18
rf.registers\[10\]\[31\],22.16
rf.registers\[29\]\[22\],22.16
rf.registers\[22\]\[24\],22.15
rf.registers\[19\]\[6\],22.14
_1039_,22.12
_1107_,22.12
_2582_,22.11
rf.registers\[7\]\[14\],22.1
rf.registers\[21\]\[27\],22.08
_3723_,22.06
rf.registers\[1\]\[17\],22.06
rf.registers\[6\]\[8\],22.06
rf.registers\[28\]\[12\],22.04
rf.registers\[10\]\[12\],22.01
rf.registers\[18\]\[27\],21.995
rf.registers\[10\]\[10\],21.965
rf.registers\[17\]\[1\],21.96
rf.registers\[14\]\[27\],21.95
_1165_,21.92
rf.registers\[30\]\[13\],21.91
rf.registers\[23\]\[22\],21.9
_2085_,21.88
_2244_,21.88
_2966_,21.86
_1316_,21.84
rf.registers\[30\]\[4\],21.84
_4183_,21.82
rf.registers\[19\]\[13\],21.82
rf.registers\[30\]\[17\],21.81
_0654_,21.785
rf.registers\[30\]\[22\],21.77
rf.registers\[6\]\[11\],21.77
rf.registers\[25\]\[15\],21.76
rf.registers\[15\]\[7\],21.74
rf.registers\[9\]\[20\],21.74
_2598_,21.7
_2734_,21.7
_3547_,21.7
_3623_,21.7
rf.registers\[10\]\[11\],21.695
_2275_,21.66
rf.registers\[20\]\[7\],21.66
rf.registers\[17\]\[19\],21.64
rf.registers\[2\]\[9\],21.64
rf.registers\[31\]\[9\],21.64
rf.registers\[17\]\[28\],21.63
_2199_,21.62
rf.registers\[28\]\[22\],21.62
rf.registers\[4\]\[30\],21.62
rf.registers\[7\]\[27\],21.6
rf.registers\[31\]\[0\],21.58
rf.registers\[31\]\[10\],21.58
rf.registers\[31\]\[19\],21.58
rf.registers\[8\]\[6\],21.56
net141,21.54
rf.registers\[23\]\[7\],21.52
rf.registers\[4\]\[19\],21.52
rf.registers\[19\]\[23\],21.48
rf.registers\[24\]\[3\],21.48
rf.registers\[5\]\[2\],21.48
rf.registers\[26\]\[27\],21.455
_1131_,21.44
rf.registers\[14\]\[0\],21.425
rf.registers\[31\]\[1\],21.4
rf.registers\[31\]\[2\],21.38
_1104_,21.36
_1480_,21.36
_2438_,21.32
rf.registers\[23\]\[24\],21.32
_2863_,21.3
_1260_,21.28
rf.registers\[20\]\[21\],21.28
rf.registers\[21\]\[26\],21.28
rf.registers\[0\]\[12\],21.26
rf.registers\[31\]\[3\],21.26
_2442_,21.24
_2745_,21.24
rf.registers\[8\]\[0\],21.24
rf.registers\[28\]\[16\],21.22
rf.registers\[5\]\[26\],21.22
rf.registers\[5\]\[30\],21.22
_1434_,21.2
rf.registers\[0\]\[6\],21.2
_2622_,21.18
rf.registers\[16\]\[7\],21.16
rf.registers\[4\]\[2\],21.16
rf.registers\[24\]\[19\],21.14
rf.registers\[26\]\[9\],21.14
rf.registers\[6\]\[27\],21.135
rf.registers\[20\]\[25\],21.13
rf.registers\[20\]\[0\],21.12
rf.registers\[28\]\[9\],21.12
net143,21.12
_2483_,21.1
rf.registers\[24\]\[10\],21.09
rf.registers\[20\]\[28\],21.08
rf.registers\[23\]\[8\],21.08
rf.registers\[26\]\[8\],21.075
rf.registers\[6\]\[26\],21.075
rf.registers\[21\]\[0\],21.06
_0240_,21.045
rf.registers\[17\]\[7\],21.02
rf.registers\[25\]\[25\],21
rf.registers\[31\]\[17\],21
rf.registers\[10\]\[8\],20.99
rf.registers\[13\]\[12\],20.98
_3221_,20.96
rf.registers\[17\]\[6\],20.95
rf.registers\[20\]\[20\],20.94
rf.registers\[20\]\[19\],20.92
_1236_,20.9
_4187_,20.9
rf.registers\[1\]\[16\],20.9
rf.registers\[6\]\[13\],20.88
_1155_,20.86
rf.registers\[13\]\[27\],20.86
_2246_,20.82
rf.registers\[25\]\[13\],20.8
rf.registers\[14\]\[10\],20.78
_0323_,20.775
rf.registers\[18\]\[14\],20.73
rf.registers\[12\]\[18\],20.72
rf.registers\[24\]\[30\],20.72
_2544_,20.695
_2036_,20.68
_3453_,20.68
_1193_,20.66
rf.registers\[25\]\[14\],20.66
rf.registers\[14\]\[14\],20.65
rf.registers\[1\]\[12\],20.64
rf.registers\[31\]\[31\],20.62
rf.registers\[11\]\[14\],20.6
rf.registers\[9\]\[11\],20.6
rf.registers\[26\]\[10\],20.595
_1937_,20.58
rf.registers\[13\]\[2\],20.58
rf.registers\[2\]\[3\],20.555
rf.registers\[30\]\[27\],20.535
rf.registers\[10\]\[9\],20.53
_1907_,20.52
_4002_,20.52
rf.registers\[25\]\[23\],20.5
_4073_,20.46
_4090_,20.46
rf.registers\[27\]\[1\],20.46
_1701_,20.44
_0808_,20.405
rf.registers\[20\]\[24\],20.4
rf.registers\[21\]\[2\],20.4
rf.registers\[21\]\[5\],20.4
_2027_,20.36
_1372_,20.34
rf.registers\[15\]\[8\],20.33
_0386_,20.325
_1427_,20.32
_2144_,20.32
_2368_,20.32
rf.registers\[0\]\[24\],20.3
_1867_,20.28
_1869_,20.24
rf.registers\[7\]\[8\],20.24
_1378_,20.21
rf.registers\[27\]\[14\],20.21
rf.registers\[19\]\[27\],20.2
rf.registers\[24\]\[29\],20.2
rf.registers\[28\]\[15\],20.2
rf.registers\[29\]\[1\],20.18
_3238_,20.16
rf.registers\[0\]\[30\],20.16
rf.registers\[21\]\[8\],20.16
rf.registers\[8\]\[24\],20.14
rf.registers\[2\]\[4\],20.135
rf.registers\[14\]\[9\],20.13
rf.registers\[20\]\[17\],20.12
rf.registers\[5\]\[19\],20.1
rf.registers\[26\]\[22\],20.085
_1466_,20.08
rf.registers\[0\]\[23\],20.04
rf.registers\[21\]\[3\],20.04
_1946_,20.02
rf.registers\[20\]\[18\],20
_1467_,19.98
_1587_,19.98
rf.registers\[12\]\[14\],19.98
rf.registers\[29\]\[4\],19.98
rf.registers\[9\]\[23\],19.98
rf.registers\[26\]\[16\],19.97
rf.registers\[6\]\[10\],19.95
_1286_,19.94
_2271_,19.94
rf.registers\[19\]\[18\],19.94
rf.registers\[3\]\[22\],19.94
_0869_,19.925
rf.registers\[5\]\[16\],19.92
rf.registers\[14\]\[20\],19.915
rf.registers\[1\]\[29\],19.9
_1575_,19.88
_3345_,19.88
rf.registers\[28\]\[18\],19.88
rf.registers\[30\]\[21\],19.875
rf.registers\[26\]\[19\],19.87
_1562_,19.86
_2295_,19.86
rf.registers\[16\]\[30\],19.86
rf.registers\[3\]\[0\],19.84
_2612_,19.82
rf.registers\[5\]\[13\],19.82
rf.registers\[22\]\[1\],19.8
rf.registers\[23\]\[2\],19.8
rf.registers\[4\]\[22\],19.8
rf.registers\[14\]\[24\],19.79
_1608_,19.78
rf.registers\[28\]\[17\],19.78
_1352_,19.76
rf.registers\[12\]\[4\],19.74
rf.registers\[27\]\[15\],19.74
_2655_,19.72
rf.registers\[18\]\[0\],19.71
_1824_,19.7
rf.registers\[16\]\[19\],19.68
rf.registers\[9\]\[8\],19.68
rf.registers\[14\]\[5\],19.67
rf.registers\[6\]\[22\],19.67
rf.registers\[21\]\[15\],19.66
rf.registers\[22\]\[7\],19.655
rf.registers\[30\]\[1\],19.65
_1308_,19.64
rf.registers\[19\]\[8\],19.64
rf.registers\[14\]\[23\],19.63
rf.registers\[15\]\[24\],19.63
_2112_,19.62
rf.registers\[10\]\[29\],19.57
rf.registers\[6\]\[29\],19.55
rf.registers\[3\]\[10\],19.54
rf.registers\[3\]\[21\],19.54
rf.registers\[14\]\[18\],19.535
rf.registers\[28\]\[24\],19.5
rf.registers\[21\]\[31\],19.48
rf.registers\[27\]\[18\],19.48
rf.registers\[29\]\[10\],19.48
rf.registers\[11\]\[22\],19.47
_0417_,19.445
_1442_,19.44
rf.registers\[25\]\[6\],19.44
_2482_,19.43
rf.registers\[18\]\[25\],19.43
rf.registers\[14\]\[6\],19.42
_3272_,19.4
rf.registers\[2\]\[28\],19.4
rf.registers\[18\]\[26\],19.395
rf.registers\[29\]\[31\],19.36
rf.registers\[2\]\[11\],19.355
_2894_,19.34
rf.registers\[3\]\[1\],19.34
_1019_,19.325
_1452_,19.32
_1518_,19.28
_2525_,19.28
rf.registers\[6\]\[9\],19.235
rf.registers\[14\]\[29\],19.23
rf.registers\[31\]\[26\],19.23
rf.registers\[28\]\[14\],19.22
rf.registers\[28\]\[26\],19.22
rf.registers\[22\]\[27\],19.21
_2316_,19.2
rf.registers\[19\]\[30\],19.2
rf.registers\[2\]\[8\],19.2
rf.registers\[5\]\[17\],19.2
_1688_,19.18
rf.registers\[13\]\[4\],19.18
rf.registers\[14\]\[30\],19.18
rf.registers\[0\]\[19\],19.16
rf.registers\[11\]\[23\],19.16
rf.registers\[12\]\[29\],19.16
rf.registers\[3\]\[16\],19.16
_1861_,19.14
rf.registers\[27\]\[30\],19.14
_1418_,19.12
rf.registers\[0\]\[29\],19.12
rf.registers\[11\]\[11\],19.12
rf.registers\[7\]\[28\],19.12
rf.registers\[10\]\[19\],19.115
rf.registers\[2\]\[27\],19.11
rf.registers\[12\]\[12\],19.1
rf.registers\[21\]\[1\],19.1
rf.registers\[25\]\[0\],19.1
rf.registers\[8\]\[10\],19.1
rf.registers\[8\]\[31\],19.1
rf.registers\[30\]\[7\],19.095
rf.registers\[23\]\[15\],19.08
rf.registers\[15\]\[10\],19.06
rf.registers\[1\]\[7\],19.06
rf.registers\[8\]\[13\],19.06
rf.registers\[16\]\[25\],19.02
rf.registers\[10\]\[26\],18.995
_1654_,18.94
_1765_,18.94
rf.registers\[17\]\[17\],18.94
_1345_,18.92
rf.registers\[3\]\[18\],18.92
rf.registers\[7\]\[6\],18.92
rf.registers\[18\]\[22\],18.91
_1890_,18.9
rf.registers\[23\]\[21\],18.9
_1766_,18.86
rf.registers\[29\]\[19\],18.86
_2890_,18.84
_2494_,18.82
_2867_,18.82
rf.registers\[18\]\[6\],18.81
rf.registers\[0\]\[5\],18.8
rf.registers\[14\]\[25\],18.795
rf.registers\[29\]\[15\],18.78
_2146_,18.74
rf.registers\[4\]\[7\],18.74
_1782_,18.72
_1812_,18.72
_2961_,18.72
_1573_,18.7
_2150_,18.7
_4110_,18.7
rf.registers\[11\]\[26\],18.7
rf.registers\[24\]\[0\],18.7
_2545_,18.68
rf.registers\[8\]\[28\],18.67
rf.registers\[21\]\[10\],18.66
rf.registers\[12\]\[24\],18.64
rf.registers\[13\]\[18\],18.62
rf.registers\[10\]\[1\],18.605
rf.registers\[22\]\[4\],18.59
_0921_,18.585
rf.registers\[12\]\[26\],18.58
rf.registers\[21\]\[6\],18.58
rf.registers\[22\]\[30\],18.575
rf.registers\[0\]\[25\],18.56
rf.registers\[24\]\[20\],18.56
rf.registers\[8\]\[11\],18.56
rf.registers\[8\]\[27\],18.54
rf.registers\[18\]\[21\],18.53
rf.registers\[25\]\[10\],18.53
rf.registers\[26\]\[25\],18.53
_1477_,18.5
rf.registers\[25\]\[19\],18.5
_2522_,18.48
_3786_,18.48
rf.registers\[0\]\[9\],18.48
rf.registers\[30\]\[2\],18.48
net142,18.48
_1490_,18.46
rf.registers\[7\]\[16\],18.44
rf.registers\[2\]\[24\],18.415
rf.registers\[30\]\[0\],18.405
rf.registers\[29\]\[20\],18.4
rf.registers\[2\]\[29\],18.395
_2089_,18.38
rf.registers\[16\]\[28\],18.38
rf.registers\[6\]\[2\],18.38
_2676_,18.37
rf.registers\[22\]\[28\],18.37
_1456_,18.36
_2861_,18.36
_2929_,18.36
rf.registers\[25\]\[5\],18.36
rf.registers\[29\]\[28\],18.36
_1227_,18.34
_1449_,18.34
rf.registers\[9\]\[19\],18.34
rf.registers\[14\]\[7\],18.335
rf.registers\[14\]\[11\],18.325
_1306_,18.32
_3555_,18.31
rf.registers\[10\]\[15\],18.29
rf.registers\[1\]\[2\],18.28
rf.registers\[12\]\[16\],18.24
rf.registers\[25\]\[11\],18.24
rf.registers\[3\]\[29\],18.24
rf.registers\[2\]\[25\],18.23
rf.registers\[30\]\[19\],18.23
_1223_,18.2
_1421_,18.2
rf.registers\[19\]\[12\],18.2
rf.registers\[19\]\[11\],18.18
rf.registers\[4\]\[27\],18.18
_2481_,18.16
rf.registers\[19\]\[14\],18.16
rf.registers\[20\]\[26\],18.16
rf.registers\[22\]\[31\],18.16
rf.registers\[9\]\[25\],18.16
rf.registers\[0\]\[16\],18.14
rf.registers\[4\]\[29\],18.14
_1808_,18.12
_4013_,18.12
rf.registers\[17\]\[31\],18.12
rf.registers\[1\]\[20\],18.08
rf.registers\[31\]\[21\],18.06
rf.registers\[5\]\[14\],18.06
rf.registers\[9\]\[22\],18.06
_1233_,18.04
_3908_,18
rf.registers\[13\]\[24\],18
_2177_,17.98
_1537_,17.96
rf.registers\[12\]\[10\],17.96
_1991_,17.94
rf.registers\[21\]\[23\],17.94
rf.registers\[29\]\[16\],17.94
_1788_,17.9
_2355_,17.9
rf.registers\[29\]\[6\],17.9
rf.registers\[3\]\[19\],17.89
rf.registers\[10\]\[25\],17.885
rf.registers\[1\]\[9\],17.84
rf.registers\[12\]\[6\],17.82
rf.registers\[1\]\[0\],17.82
rf.registers\[8\]\[16\],17.82
rf.registers\[22\]\[3\],17.81
_1272_,17.8
_1899_,17.8
rf.registers\[8\]\[8\],17.8
_0432_,17.785
_2688_,17.78
rf.registers\[11\]\[29\],17.78
rf.registers\[13\]\[7\],17.78
rf.registers\[16\]\[29\],17.78
rf.registers\[24\]\[28\],17.78
rf.registers\[15\]\[9\],17.77
rf.registers\[18\]\[13\],17.77
_1551_,17.76
rf.registers\[7\]\[24\],17.74
rf.registers\[7\]\[4\],17.74
rf.registers\[22\]\[26\],17.735
_0911_,17.725
rf.registers\[3\]\[28\],17.72
rf.registers\[12\]\[3\],17.7
_1151_,17.695
_0764_,17.685
rf.registers\[28\]\[5\],17.68
rf.registers\[14\]\[4\],17.655
rf.registers\[15\]\[0\],17.65
rf.registers\[2\]\[20\],17.635
_1086_,17.62
_2579_,17.62
rf.registers\[3\]\[7\],17.62
rf.registers\[7\]\[21\],17.62
_1604_,17.6
rf.registers\[1\]\[6\],17.6
_1819_,17.58
rf.registers\[17\]\[30\],17.58
_0568_,17.565
_2226_,17.56
_2529_,17.56
rf.registers\[1\]\[1\],17.56
_2121_,17.52
rf.registers\[2\]\[12\],17.51
rf.registers\[26\]\[1\],17.49
rf.registers\[13\]\[1\],17.48
rf.registers\[15\]\[1\],17.48
rf.registers\[25\]\[27\],17.48
rf.registers\[22\]\[2\],17.47
_1796_,17.44
_1222_,17.42
rf.registers\[12\]\[25\],17.42
rf.registers\[12\]\[0\],17.4
rf.registers\[11\]\[8\],17.38
rf.registers\[4\]\[3\],17.38
rf.registers\[2\]\[17\],17.37
_1440_,17.36
_2938_,17.36
rf.registers\[3\]\[23\],17.36
rf.registers\[23\]\[18\],17.34
_0642_,17.325
_0865_,17.325
_1060_,17.32
_2380_,17.32
rf.registers\[13\]\[25\],17.32
rf.registers\[19\]\[2\],17.32
rf.registers\[3\]\[30\],17.32
rf.registers\[26\]\[0\],17.31
rf.registers\[4\]\[9\],17.3
_2887_,17.28
rf.registers\[26\]\[21\],17.25
_1202_,17.24
_2470_,17.22
rf.registers\[21\]\[22\],17.22
rf.registers\[29\]\[5\],17.22
rf.registers\[31\]\[12\],17.22
rf.registers\[4\]\[5\],17.22
_0787_,17.215
_2225_,17.2
rf.registers\[0\]\[22\],17.2
rf.registers\[0\]\[1\],17.18
rf.registers\[13\]\[21\],17.18
rf.registers\[27\]\[10\],17.18
rf.registers\[2\]\[1\],17.18
rf.registers\[19\]\[15\],17.16
rf.registers\[19\]\[20\],17.16
rf.registers\[27\]\[16\],17.16
rf.registers\[10\]\[28\],17.155
_1676_,17.14
_3655_,17.14
rf.registers\[8\]\[21\],17.14
_0355_,17.115
_1353_,17.1
_2602_,17.1
rf.registers\[20\]\[23\],17.1
rf.registers\[28\]\[19\],17.1
rf.registers\[28\]\[25\],17.09
rf.registers\[11\]\[17\],17.08
rf.registers\[1\]\[28\],17.08
_1611_,17.06
_2111_,17.06
rf.registers\[15\]\[28\],17.06
rf.registers\[24\]\[4\],17.06
_0573_,17.045
_2610_,17.04
rf.registers\[17\]\[2\],17.04
rf.registers\[7\]\[15\],17.04
rf.registers\[19\]\[21\],17.03
rf.registers\[16\]\[15\],17.02
_2920_,17
_3072_,17
_3833_,17
rf.registers\[10\]\[22\],17
_0477_,16.985
_2581_,16.98
_3126_,16.98
rf.registers\[27\]\[11\],16.98
rf.registers\[9\]\[0\],16.94
rf.registers\[26\]\[20\],16.93
_2907_,16.92
rf.registers\[2\]\[31\],16.91
_1975_,16.9
rf.registers\[13\]\[28\],16.9
rf.registers\[16\]\[13\],16.9
rf.registers\[7\]\[22\],16.9
_2412_,16.895
_1219_,16.88
_2134_,16.88
_0606_,16.845
rf.registers\[24\]\[5\],16.84
rf.registers\[25\]\[20\],16.84
rf.registers\[26\]\[6\],16.83
_2886_,16.8
_3411_,16.8
rf.registers\[18\]\[11\],16.795
_3048_,16.78
rf.registers\[17\]\[3\],16.78
_1668_,16.76
_4040_,16.76
rf.registers\[29\]\[2\],16.73
rf.registers\[8\]\[15\],16.73
_2097_,16.72
_2670_,16.72
rf.registers\[22\]\[18\],16.72
rf.registers\[27\]\[0\],16.72
rf.registers\[2\]\[10\],16.71
rf.registers\[6\]\[30\],16.695
rf.registers\[15\]\[11\],16.68
rf.registers\[3\]\[11\],16.68
rf.registers\[5\]\[4\],16.68
rf.registers\[8\]\[30\],16.68
rf.registers\[16\]\[18\],16.64
rf.registers\[7\]\[9\],16.64
_0033_,16.625
rf.registers\[2\]\[2\],16.61
rf.registers\[3\]\[12\],16.61
rf.registers\[0\]\[7\],16.6
rf.registers\[7\]\[10\],16.6
rf.registers\[10\]\[4\],16.595
rf.registers\[4\]\[24\],16.58
rf.registers\[21\]\[28\],16.56
rf.registers\[9\]\[9\],16.56
_3952_,16.54
rf.registers\[13\]\[6\],16.52
rf.registers\[11\]\[2\],16.495
rf.registers\[22\]\[8\],16.48
rf.registers\[3\]\[25\],16.48
rf.registers\[18\]\[8\],16.465
rf.registers\[30\]\[31\],16.465
rf.registers\[14\]\[13\],16.46
_2909_,16.44
_0765_,16.425
_3548_,16.42
_0914_,16.405
rf.registers\[5\]\[5\],16.4
rf.registers\[9\]\[18\],16.4
_1235_,16.38
_1511_,16.345
_2056_,16.345
rf.registers\[13\]\[29\],16.34
rf.registers\[15\]\[22\],16.34
rf.registers\[31\]\[16\],16.34
rf.registers\[15\]\[26\],16.32
_1571_,16.3
_3862_,16.3
rf.registers\[1\]\[30\],16.3
_0867_,16.285
rf.registers\[9\]\[14\],16.28
_2096_,16.26
_2619_,16.26
rf.registers\[28\]\[8\],16.26
rf.registers\[7\]\[30\],16.26
rf.registers\[9\]\[4\],16.26
_2492_,16.24
rf.registers\[25\]\[4\],16.24
rf.registers\[10\]\[23\],16.235
_0623_,16.22
_1065_,16.22
_1399_,16.22
_1674_,16.22
_1825_,16.22
_2124_,16.22
_3846_,16.2
rf.registers\[13\]\[17\],16.2
rf.registers\[24\]\[14\],16.2
rf.registers\[27\]\[3\],16.2
_2928_,16.18
rf.registers\[13\]\[8\],16.18
rf.registers\[28\]\[0\],16.18
rf.registers\[18\]\[17\],16.16
rf.registers\[23\]\[30\],16.14
_2878_,16.115
rf.registers\[14\]\[21\],16.11
_3163_,16.1
rf.registers\[15\]\[12\],16.1
rf.registers\[28\]\[29\],16.1
rf.registers\[31\]\[15\],16.1
_2836_,16.08
rf.registers\[26\]\[7\],16.07
_4162_,16.06
rf.registers\[29\]\[27\],16.06
rf.registers\[2\]\[18\],16.05
_0336_,16.025
_0855_,16.025
_1142_,16.02
_1342_,16.02
_3201_,16.02
_0130_,15.985
_2866_,15.98
rf.registers\[12\]\[30\],15.98
_1431_,15.94
rf.registers\[22\]\[17\],15.93
_3312_,15.92
rf.registers\[13\]\[22\],15.92
rf.registers\[18\]\[5\],15.915
rf.registers\[11\]\[10\],15.9
rf.registers\[29\]\[3\],15.9
_2476_,15.88
rf.registers\[0\]\[17\],15.88
rf.registers\[5\]\[6\],15.88
_1805_,15.865
_1136_,15.86
rf.registers\[12\]\[20\],15.84
rf.registers\[1\]\[22\],15.84
rf.registers\[27\]\[28\],15.84
rf.registers\[2\]\[6\],15.815
_1450_,15.8
_2406_,15.8
rf.registers\[0\]\[0\],15.8
_2022_,15.78
_2971_,15.78
rf.registers\[28\]\[27\],15.78
rf.registers\[30\]\[9\],15.77
_2635_,15.76
_3182_,15.76
_3938_,15.76
rf.registers\[4\]\[1\],15.76
rf.registers\[17\]\[20\],15.74
rf.registers\[23\]\[17\],15.74
rf.registers\[31\]\[24\],15.74
_2127_,15.72
rf.registers\[0\]\[15\],15.72
rf.registers\[22\]\[19\],15.715
rf.registers\[6\]\[31\],15.71
_1359_,15.7
_2115_,15.7
rf.registers\[7\]\[2\],15.7
rf.registers\[18\]\[24\],15.69
rf.registers\[12\]\[11\],15.68
rf.registers\[6\]\[3\],15.645
_1124_,15.64
rf.registers\[20\]\[31\],15.64
_1347_,15.61
_1838_,15.58
_1896_,15.57
_0974_,15.565
_1733_,15.56
_4133_,15.56
rf.registers\[15\]\[30\],15.56
rf.registers\[31\]\[30\],15.56
rf.registers\[27\]\[19\],15.54
_0886_,15.525
_1572_,15.525
_2682_,15.52
rf.registers\[4\]\[13\],15.52
rf.registers\[7\]\[26\],15.52
_1097_,15.48
_1100_,15.46
_1664_,15.46
_3617_,15.46
rf.registers\[12\]\[8\],15.46
rf.registers\[16\]\[3\],15.46
rf.registers\[1\]\[3\],15.46
rf.registers\[9\]\[31\],15.46
_0496_,15.455
rf.registers\[11\]\[3\],15.44
rf.registers\[24\]\[18\],15.44
_2845_,15.42
rf.registers\[1\]\[10\],15.42
rf.registers\[23\]\[19\],15.42
rf.registers\[29\]\[26\],15.42
rf.registers\[5\]\[12\],15.42
rf.registers\[16\]\[14\],15.41
_2737_,15.38
rf.registers\[11\]\[30\],15.38
_1093_,15.35
rf.registers\[11\]\[5\],15.34
rf.registers\[1\]\[15\],15.34
rf.registers\[30\]\[24\],15.335
rf.registers\[7\]\[19\],15.32
rf.registers\[22\]\[5\],15.315
rf.registers\[14\]\[19\],15.31
rf.registers\[17\]\[29\],15.3
rf.registers\[23\]\[6\],15.3
rf.registers\[25\]\[17\],15.3
rf.registers\[20\]\[8\],15.28
rf.registers\[19\]\[0\],15.275
rf.registers\[6\]\[0\],15.265
_2232_,15.26
_2535_,15.26
_3673_,15.26
_2125_,15.24
rf.registers\[19\]\[17\],15.22
rf.registers\[22\]\[15\],15.215
_0749_,15.205
_0789_,15.185
_3176_,15.18
_0018_,15.165
_0923_,15.165
_1831_,15.16
rf.registers\[24\]\[25\],15.14
rf.registers\[10\]\[16\],15.13
_1514_,15.12
_1708_,15.12
_2141_,15.12
rf.registers\[24\]\[7\],15.12
rf.registers\[2\]\[26\],15.11
_0409_,15.1
rf.registers\[20\]\[14\],15.1
rf.registers\[4\]\[21\],15.1
_1263_,15.08
_1828_,15.08
_2712_,15.08
rf.registers\[12\]\[9\],15.06
rf.registers\[24\]\[26\],15.06
rf.registers\[7\]\[13\],15.06
rf.registers\[18\]\[3\],15.02
_3942_,15
rf.registers\[4\]\[10\],15
rf.registers\[26\]\[31\],14.99
rf.registers\[28\]\[31\],14.96
_1862_,14.94
_2040_,14.94
_2846_,14.94
rf.registers\[16\]\[2\],14.94
rf.registers\[16\]\[31\],14.94
_1485_,14.92
_1527_,14.92
_1962_,14.92
_3598_,14.92
_4099_,14.92
rf.registers\[29\]\[0\],14.92
rf.registers\[6\]\[7\],14.92
rf.registers\[16\]\[0\],14.89
rf.registers\[3\]\[5\],14.88
rf.registers\[30\]\[30\],14.875
rf.registers\[6\]\[19\],14.87
_0429_,14.865
_2839_,14.86
_2854_,14.86
_4111_,14.86
rf.registers\[13\]\[31\],14.86
_0766_,14.84
rf.registers\[11\]\[15\],14.84
rf.registers\[28\]\[28\],14.84
rf.registers\[4\]\[6\],14.84
_1806_,14.82
rf.registers\[6\]\[23\],14.815
_0226_,14.805
_2213_,14.8
rf.registers\[23\]\[26\],14.8
rf.registers\[7\]\[7\],14.8
rf.registers\[8\]\[20\],14.8
_2033_,14.78
_2533_,14.78
_3589_,14.78
_4172_,14.78
rf.registers\[25\]\[26\],14.78
_2038_,14.74
rf.registers\[3\]\[4\],14.74
_2730_,14.72
_1849_,14.7
_2800_,14.7
_4134_,14.7
_1821_,14.69
rf.registers\[0\]\[10\],14.68
_2382_,14.66
_3749_,14.66
_1419_,14.6
rf.registers\[17\]\[18\],14.6
_1141_,14.56
_3507_,14.54
rf.registers\[17\]\[15\],14.54
_1866_,14.525
rf.registers\[28\]\[21\],14.52
rf.registers\[15\]\[27\],14.5
rf.registers\[18\]\[30\],14.495
_1815_,14.48
_3753_,14.48
rf.registers\[19\]\[3\],14.48
_1132_,14.46
_2187_,14.46
_0605_,14.445
rf.registers\[21\]\[12\],14.44
rf.registers\[6\]\[28\],14.43
_4181_,14.42
rf.registers\[31\]\[28\],14.42
rf.registers\[9\]\[24\],14.42
_3532_,14.4
rf.registers\[12\]\[19\],14.38
rf.registers\[25\]\[9\],14.38
rf.registers\[8\]\[18\],14.38
_2735_,14.34
_1586_,14.32
rf.registers\[7\]\[18\],14.32
_1897_,14.3
_3032_,14.3
rf.registers\[24\]\[15\],14.3
rf.registers\[24\]\[27\],14.3
_0847_,14.24
_1614_,14.24
_2287_,14.24
_2764_,14.24
rf.registers\[8\]\[29\],14.24
_0298_,14.235
_1880_,14.22
rf.registers\[2\]\[16\],14.21
rf.registers\[27\]\[21\],14.2
_1087_,14.18
rf.registers\[11\]\[7\],14.18
rf.registers\[21\]\[21\],14.18
rf.registers\[3\]\[15\],14.18
rf.registers\[1\]\[8\],14.17
rf.registers\[7\]\[17\],14.17
_1895_,14.16
_3871_,14.16
_0330_,14.145
_1883_,14.14
_2025_,14.14
rf.registers\[7\]\[20\],14.14
_2926_,14.11
_1409_,14.1
_1915_,14.1
_2784_,14.1
_3800_,14.08
rf.registers\[18\]\[2\],14.08
rf.registers\[25\]\[30\],14.08
_0709_,14.045
rf.registers\[10\]\[3\],14.04
_2143_,14.02
_2510_,14.02
rf.registers\[21\]\[4\],14.02
_1712_,14
_1763_,14
_4199_,14
rf.registers\[28\]\[3\],14
rf.registers\[9\]\[27\],14
_1565_,13.98
_2691_,13.98
rf.registers\[16\]\[6\],13.98
rf.registers\[22\]\[0\],13.975
_3246_,13.96
rf.registers\[13\]\[16\],13.96
rf.registers\[19\]\[19\],13.96
_1101_,13.94
_1983_,13.94
_1746_,13.92
_2576_,13.92
_4121_,13.92
rf.registers\[16\]\[27\],13.92
rf.registers\[20\]\[27\],13.92
rf.registers\[21\]\[9\],13.92
rf.registers\[28\]\[23\],13.92
rf.registers\[31\]\[27\],13.92
_2826_,13.9
_0201_,13.885
_0748_,13.885
_2010_,13.88
_2653_,13.88
_3417_,13.88
_3687_,13.88
_4067_,13.88
_1865_,13.86
rf.registers\[6\]\[20\],13.85
_1033_,13.84
rf.registers\[13\]\[26\],13.84
rf.registers\[3\]\[2\],13.84
rf.registers\[14\]\[31\],13.835
_0805_,13.82
rf.registers\[21\]\[30\],13.8
rf.registers\[29\]\[9\],13.8
_0481_,13.785
_3716_,13.78
_4171_,13.78
_1385_,13.76
_2807_,13.76
rf.registers\[13\]\[20\],13.76
_2759_,13.72
_3959_,13.72
rf.registers\[17\]\[23\],13.7
rf.registers\[13\]\[19\],13.68
_2451_,13.66
_3688_,13.66
rf.registers\[21\]\[24\],13.64
rf.registers\[10\]\[7\],13.62
rf.registers\[11\]\[31\],13.62
rf.registers\[24\]\[22\],13.62
rf.registers\[31\]\[20\],13.62
rf.registers\[11\]\[16\],13.6
_0958_,13.585
rf.registers\[21\]\[19\],13.58
rf.registers\[27\]\[8\],13.58
rf.registers\[5\]\[24\],13.58
_1350_,13.56
_2812_,13.56
rf.registers\[21\]\[16\],13.56
rf.registers\[18\]\[1\],13.54
rf.registers\[5\]\[0\],13.54
rf.registers\[5\]\[31\],13.54
_4173_,13.52
rf.registers\[10\]\[20\],13.515
rf.registers\[30\]\[20\],13.515
_2485_,13.5
_3807_,13.5
rf.registers\[17\]\[8\],13.5
rf.registers\[3\]\[13\],13.5
_1793_,13.48
rf.registers\[10\]\[30\],13.475
_3474_,13.46
_3707_,13.46
rf.registers\[12\]\[22\],13.46
rf.registers\[1\]\[21\],13.46
rf.registers\[29\]\[24\],13.46
rf.registers\[4\]\[11\],13.46
_1103_,13.42
rf.registers\[10\]\[0\],13.41
rf.registers\[18\]\[4\],13.41
_2101_,13.38
rf.registers\[27\]\[5\],13.38
_1177_,13.36
_0691_,13.345
_1723_,13.34
_1877_,13.34
_3405_,13.34
rf.registers\[8\]\[9\],13.34
_1716_,13.32
_2793_,13.32
_3902_,13.32
_4001_,13.32
rf.registers\[20\]\[22\],13.31
rf.registers\[27\]\[24\],13.3
rf.registers\[22\]\[25\],13.29
_0836_,13.285
rf.registers\[2\]\[30\],13.27
_0389_,13.26
rf.registers\[7\]\[29\],13.26
_1941_,13.24
_2167_,13.22
rf.registers\[21\]\[17\],13.22
rf.registers\[29\]\[11\],13.22
_1212_,13.2
_2274_,13.18
_2583_,13.17
_4104_,13.16
rf.registers\[11\]\[0\],13.16
rf.registers\[9\]\[1\],13.16
rf.registers\[14\]\[8\],13.15
_2701_,13.14
_0557_,13.125
_1912_,13.12
_2366_,13.12
_2833_,13.12
_3789_,13.12
_3882_,13.12
_4215_,13.12
rf.registers\[0\]\[11\],13.12
rf.registers\[29\]\[25\],13.12
_1023_,13.1
_3013_,13.1
_3230_,13.1
_3765_,13.08
_0082_,13.065
_2546_,13.06
rf.registers\[26\]\[5\],13.055
_1407_,13.04
_1658_,13.04
_2450_,13.04
_2601_,13.04
_2632_,13.04
_3062_,13.04
_4050_,13.04
_4097_,13.04
rf.registers\[11\]\[20\],13.04
rf.registers\[20\]\[11\],13.04
rf.registers\[3\]\[6\],13.04
rf.registers\[6\]\[24\],13.035
_2981_,13.02
rf.registers\[3\]\[27\],13.02
rf.registers\[3\]\[8\],13.02
rf.registers\[23\]\[10\],13.01
_1339_,13
rf.registers\[17\]\[5\],13
_2606_,12.98
_2702_,12.98
rf.registers\[19\]\[24\],12.98
rf.registers\[28\]\[20\],12.98
_2425_,12.94
rf.registers\[11\]\[13\],12.94
_1494_,12.92
_1836_,12.92
_3108_,12.92
rf.registers\[15\]\[21\],12.92
rf.registers\[27\]\[20\],12.92
rf.registers\[27\]\[26\],12.92
rf.registers\[27\]\[29\],12.92
rf.registers\[31\]\[8\],12.92
rf.registers\[4\]\[14\],12.92
rf.registers\[5\]\[7\],12.92
_1176_,12.9
rf.registers\[29\]\[17\],12.88
_1310_,12.86
_1969_,12.86
_4123_,12.86
_1425_,12.84
_0357_,12.835
_0254_,12.825
_0588_,12.825
_1779_,12.82
_2190_,12.82
_1110_,12.8
_1540_,12.8
_2996_,12.8
rf.registers\[15\]\[4\],12.8
rf.registers\[8\]\[14\],12.8
rf.registers\[6\]\[5\],12.79
_1790_,12.78
_2166_,12.78
rf.registers\[17\]\[27\],12.72
_1505_,12.71
rf.registers\[22\]\[9\],12.71
_0589_,12.705
_3266_,12.7
_3497_,12.7
rf.registers\[29\]\[21\],12.7
rf.registers\[5\]\[18\],12.7
_4086_,12.66
rf.registers\[0\]\[31\],12.66
rf.registers\[4\]\[23\],12.66
rf.registers\[8\]\[22\],12.66
_1968_,12.64
_2932_,12.64
_1706_,12.62
_1789_,12.62
_1987_,12.62
_3086_,12.62
_3461_,12.62
_1243_,12.58
_1980_,12.58
_0907_,12.565
_0723_,12.545
_1786_,12.54
_3219_,12.54
rf.registers\[8\]\[3\],12.54
rf.registers\[3\]\[3\],12.52
_2787_,12.51
_1886_,12.5
_2048_,12.5
_3643_,12.5
rf.registers\[29\]\[8\],12.5
_2590_,12.48
_3066_,12.48
_3920_,12.48
_0579_,12.46
_1092_,12.46
rf.registers\[11\]\[25\],12.46
rf.registers\[16\]\[5\],12.46
rf.registers\[28\]\[10\],12.46
rf.registers\[4\]\[8\],12.46
_2650_,12.44
rf.registers\[12\]\[15\],12.44
rf.registers\[31\]\[7\],12.44
_1218_,12.42
_3166_,12.42
rf.registers\[19\]\[22\],12.42
rf.registers\[29\]\[18\],12.42
_0062_,12.4
rf.registers\[24\]\[9\],12.4
_1252_,12.38
_1469_,12.36
_1852_,12.36
_1323_,12.35
rf.registers\[10\]\[6\],12.35
rf.registers\[23\]\[5\],12.34
rf.registers\[5\]\[8\],12.34
_0156_,12.335
_1588_,12.3
_2698_,12.3
rf.registers\[9\]\[10\],12.3
_1845_,12.285
_1718_,12.28
_3122_,12.28
_0874_,12.265
_0895_,12.265
_2815_,12.265
_3667_,12.26
_0354_,12.245
_2873_,12.24
_3256_,12.24
rf.registers\[19\]\[5\],12.24
rf.registers\[3\]\[26\],12.24
rf.registers\[0\]\[21\],12.22
rf.registers\[15\]\[25\],12.22
_1677_,12.205
_1040_,12.2
_1649_,12.2
_3597_,12.2
_3691_,12.2
_3832_,12.2
rf.registers\[17\]\[16\],12.2
_3465_,12.18
_0578_,12.165
_2528_,12.16
_3244_,12.16
_3375_,12.16
rf.registers\[14\]\[1\],12.13
_1475_,12.12
_1681_,12.12
_1661_,12.1
_3025_,12.1
rf.registers\[6\]\[4\],12.09
_1689_,12.08
_2591_,12.08
rf.registers\[13\]\[5\],12.08
rf.registers\[1\]\[23\],12.08
_0016_,12.06
_1582_,12.06
_3184_,12.06
_3554_,12.06
_3581_,12.06
_1917_,12.04
_3102_,12.04
_3220_,12.04
_3671_,12.04
_3779_,12.04
_3917_,12.04
_3980_,12.04
_3339_,12.02
_3606_,12.02
rf.registers\[10\]\[27\],12.01
_0628_,12.005
_1603_,12
_2538_,12
rf.registers\[17\]\[26\],12
_0961_,11.985
rf.registers\[24\]\[24\],11.97
_1713_,11.96
_1823_,11.96
_1967_,11.96
rf.registers\[19\]\[26\],11.96
rf.registers\[21\]\[18\],11.96
_0397_,11.905
_1253_,11.9
_1530_,11.9
_2180_,11.9
rf.registers\[8\]\[1\],11.88
_0669_,11.845
_1416_,11.84
_1455_,11.82
_1634_,11.82
_3297_,11.82
_4055_,11.82
_4141_,11.82
_1857_,11.8
_1593_,11.78
_2551_,11.78
rf.registers\[10\]\[5\],11.78
_3314_,11.74
_3900_,11.74
rf.registers\[15\]\[31\],11.74
rf.registers\[16\]\[10\],11.74
rf.registers\[1\]\[19\],11.74
rf.registers\[9\]\[5\],11.74
_2824_,11.73
_0079_,11.725
_2906_,11.72
_2979_,11.72
_3304_,11.72
_3923_,11.72
_4218_,11.72
_1071_,11.7
_1268_,11.7
_1269_,11.7
_2588_,11.7
_2608_,11.7
_1484_,11.68
_0216_,11.665
_1579_,11.66
_3802_,11.66
rf.registers\[20\]\[30\],11.64
_0351_,11.625
_1166_,11.62
_2002_,11.62
_3398_,11.62
_3827_,11.62
_0919_,11.6
_3954_,11.6
_0838_,11.585
_1925_,11.58
_3798_,11.58
_3439_,11.56
_0140_,11.545
_1885_,11.5
_2743_,11.5
_3909_,11.5
rf.registers\[21\]\[29\],11.5
_0003_,11.485
_1367_,11.48
_1829_,11.48
_2217_,11.48
_3046_,11.48
_3457_,11.48
_1638_,11.46
_1834_,11.46
_1174_,11.44
_2176_,11.42
_3953_,11.42
rf.registers\[16\]\[4\],11.42
_0899_,11.415
_0061_,11.405
_1083_,11.4
rf.registers\[5\]\[11\],11.4
_0714_,11.385
rf.registers\[5\]\[3\],11.38
_1175_,11.375
A1[4],11.36
_1605_,11.36
rf.registers\[26\]\[11\],11.35
_2273_,11.34
_3906_,11.34
_3885_,11.32
_0010_,11.305
_0688_,11.305
_2064_,11.28
_2221_,11.28
rf.registers\[13\]\[15\],11.28
rf.registers\[1\]\[24\],11.28
rf.registers\[8\]\[2\],11.28
_2912_,11.26
_3766_,11.26
_3775_,11.26
_0222_,11.245
_0803_,11.245
_0896_,11.245
_1275_,11.24
_1280_,11.24
_2998_,11.24
_3475_,11.24
_3799_,11.24
_4041_,11.24
rf.registers\[4\]\[17\],11.24
_2640_,11.21
_1057_,11.2
_3848_,11.2
_3921_,11.2
_0155_,11.195
_3104_,11.18
_3337_,11.18
_3809_,11.18
_1496_,11.16
_1830_,11.16
_1978_,11.16
_2603_,11.16
_3245_,11.16
_3493_,11.16
_3869_,11.16
_4170_,11.16
rf.registers\[23\]\[25\],11.16
rf.registers\[5\]\[15\],11.16
_1637_,11.15
_1719_,11.14
_2413_,11.135
_3608_,11.12
_3658_,11.12
rf.registers\[3\]\[20\],11.11
_0305_,11.105
_3195_,11.1
_2113_,11.08
_2328_,11.08
_1648_,11.06
_3656_,11.06
rf.registers\[16\]\[8\],11.06
_2202_,11.04
_3928_,11.04
_2256_,11.02
_1287_,11
_2879_,10.96
_0302_,10.935
_0798_,10.935
A1[1],10.9
A1[3],10.9
_1769_,10.9
_1988_,10.9
_2469_,10.9
_3898_,10.9
_0172_,10.885
_2818_,10.86
_3413_,10.86
_3701_,10.86
rf.registers\[1\]\[18\],10.86
rf.registers\[27\]\[13\],10.86
_1090_,10.84
_2441_,10.82
_3170_,10.82
_3811_,10.82
_3868_,10.82
_3963_,10.82
rf.registers\[4\]\[12\],10.82
rf.registers\[9\]\[28\],10.82
_2895_,10.8
_3243_,10.8
_0681_,10.785
_1463_,10.78
_1609_,10.78
_3262_,10.78
_3602_,10.78
_4006_,10.78
_4184_,10.78
rf.registers\[0\]\[26\],10.78
rf.registers\[12\]\[31\],10.78
rf.registers\[7\]\[1\],10.78
_1091_,10.74
_2811_,10.74
_3009_,10.74
_3360_,10.74
_3904_,10.74
_4068_,10.74
rf.registers\[16\]\[12\],10.74
rf.registers\[6\]\[16\],10.735
_1868_,10.7
_2536_,10.7
_4049_,10.7
rf.registers\[13\]\[14\],10.7
_0494_,10.665
_3110_,10.66
_3575_,10.66
_4203_,10.66
rf.registers\[26\]\[30\],10.655
_1705_,10.62
_2543_,10.62
rf.registers\[19\]\[25\],10.62
rf.registers\[29\]\[30\],10.62
_0894_,10.6
rf.registers\[11\]\[1\],10.6
_2773_,10.58
_0219_,10.565
_0410_,10.565
_0482_,10.565
_0826_,10.565
_1669_,10.56
_1874_,10.56
_1979_,10.52
rf.registers\[6\]\[25\],10.495
_0326_,10.485
_1640_,10.46
_2904_,10.46
_0017_,10.445
_0673_,10.445
_1379_,10.44
_1532_,10.44
_2415_,10.44
_2278_,10.42
_3300_,10.42
_2349_,10.4
_2888_,10.4
_3385_,10.4
rf.registers\[17\]\[0\],10.4
rf.registers\[5\]\[10\],10.4
_2194_,10.38
_0339_,10.375
_0873_,10.365
_1377_,10.36
_2114_,10.36
_3510_,10.36
_4069_,10.36
rf.registers\[1\]\[31\],10.36
rf.registers\[6\]\[6\],10.36
_2666_,10.34
_3759_,10.34
_4074_,10.34
_0154_,10.325
_0299_,10.325
_1597_,10.32
_1846_,10.32
_1882_,10.32
_3112_,10.32
_3521_,10.32
_3797_,10.32
_4051_,10.32
_4061_,10.32
_4144_,10.32
_0067_,10.285
_0260_,10.285
_1493_,10.28
_2075_,10.28
_2159_,10.28
_2835_,10.28
_3308_,10.28
_3472_,10.28
_3748_,10.28
rf.registers\[29\]\[29\],10.26
_0131_,10.255
_1266_,10.24
_3782_,10.24
rf.registers\[0\]\[18\],10.24
rf.registers\[4\]\[16\],10.24
_1619_,10.22
_1870_,10.205
_2447_,10.2
_2881_,10.2
_3436_,10.2
_3690_,10.2
_2534_,10.18
_2066_,10.16
_2277_,10.16
_2880_,10.16
rf.registers\[15\]\[20\],10.16
_0193_,10.145
_0810_,10.14
_0811_,10.14
_0933_,10.14
_2889_,10.14
_0713_,10.125
_0969_,10.125
_1570_,10.12
A1[2],10.1
_2106_,10.1
_3615_,10.1
_2821_,10.08
_0685_,10.065
_2757_,10.04
rf.registers\[9\]\[13\],10.04
_0719_,10.025
_3281_,10.02
_3706_,10.02
rf.registers\[7\]\[3\],10
_0655_,9.985
A1[0],9.98
_1106_,9.98
_2003_,9.98
_4176_,9.98
_0443_,9.965
_0797_,9.965
_3143_,9.94
_3511_,9.94
_3604_,9.94
_0210_,9.925
_2678_,9.9
_3058_,9.9
_3183_,9.9
_3451_,9.9
rf.registers\[19\]\[9\],9.9
_2068_,9.88
_2435_,9.88
_3825_,9.88
_0877_,9.865
_0953_,9.865
_2721_,9.86
_3249_,9.86
_3569_,9.86
_3891_,9.86
_3955_,9.86
_4060_,9.86
_2183_,9.84
_1965_,9.8
_2055_,9.8
_2569_,9.8
_3228_,9.8
_1242_,9.78
_1944_,9.78
_3196_,9.78
_3702_,9.78
_3857_,9.78
_4042_,9.78
rf.registers\[24\]\[12\],9.78
_3520_,9.76
_3971_,9.76
_2521_,9.74
_4032_,9.74
_1225_,9.72
_1974_,9.72
_2195_,9.72
_2705_,9.7
_0344_,9.685
_0659_,9.685
_0759_,9.68
_1237_,9.68
_1304_,9.68
_1315_,9.68
_0392_,9.665
_2122_,9.665
_1184_,9.66
_1059_,9.64
_1541_,9.64
_1802_,9.64
_1726_,9.62
_0636_,9.605
_1578_,9.6
_1798_,9.6
rf.registers\[18\]\[7\],9.595
_1935_,9.58
_4150_,9.58
_0523_,9.565
_1206_,9.56
rf.registers\[28\]\[11\],9.56
_0835_,9.555
_0777_,9.545
A2[4],9.52
A3[0],9.52
A3[2],9.52
A3[3],9.52
_2018_,9.52
_3011_,9.52
_3127_,9.52
_3750_,9.52
_3773_,9.52
_4180_,9.52
_0080_,9.485
_0506_,9.485
_1722_,9.48
_2162_,9.48
_2336_,9.48
_2916_,9.48
_3089_,9.48
_3295_,9.48
rf.registers\[4\]\[4\],9.48
rf.registers\[9\]\[30\],9.48
_0294_,9.475
_0543_,9.465
_0814_,9.465
_0897_,9.465
_1049_,9.46
_2742_,9.46
_0783_,9.455
_0751_,9.445
_1276_,9.44
_3123_,9.44
_3193_,9.44
_3211_,9.44
_3603_,9.44
_3930_,9.44
rf.registers\[11\]\[4\],9.44
_0320_,9.42
_3120_,9.42
_3138_,9.42
_3477_,9.42
_3692_,9.42
_3977_,9.42
alu_result[25],9.42
_2707_,9.415
_0072_,9.405
_0957_,9.405
_1047_,9.4
_1170_,9.4
_4129_,9.4
_0864_,9.385
_3181_,9.38
_3215_,9.38
_0094_,9.365
_0170_,9.365
_1262_,9.36
_2874_,9.36
_3470_,9.36
_3531_,9.36
_3791_,9.36
_3837_,9.36
_4212_,9.36
rf.registers\[9\]\[2\],9.36
_0297_,9.34
_2960_,9.34
_3979_,9.34
_4054_,9.34
rf.registers\[17\]\[11\],9.34
_1108_,9.32
_1241_,9.32
_1384_,9.32
_1662_,9.32
_1760_,9.32
_1910_,9.32
_1954_,9.32
_3199_,9.32
_3207_,9.32
_3325_,9.32
_3735_,9.32
_2079_,9.3
_2804_,9.28
_1214_,9.26
_3682_,9.26
_0074_,9.245
_0347_,9.245
_0845_,9.245
_2306_,9.24
_2736_,9.24
_3576_,9.24
_0163_,9.225
_1248_,9.22
rf.registers\[9\]\[26\],9.22
_1891_,9.2
_2088_,9.2
_0058_,9.185
_2511_,9.16
_0255_,9.145
_0430_,9.125
_3261_,9.12
_3918_,9.12
_2117_,9.1
_1932_,9.08
_2725_,9.08
A2[2],9.06
A2[3],9.06
A3[1],9.06
A3[4],9.06
_3124_,9.06
_3178_,9.06
_3404_,9.06
_4161_,9.06
_1157_,9.02
_1355_,9.02
_2169_,9.02
_3021_,9.02
_3968_,9.02
rf.registers\[16\]\[17\],9.02
rf.registers\[16\]\[24\],9.02
_0901_,9.005
_0235_,8.985
_0387_,8.985
_0621_,8.98
_2155_,8.98
_3268_,8.98
_3458_,8.98
_3729_,8.98
rf.registers\[7\]\[5\],8.98
_3948_,8.96
alu_result[14],8.96
alu_result[26],8.96
_0076_,8.945
_0600_,8.945
_1246_,8.94
_1319_,8.94
_1510_,8.94
_2753_,8.94
_1947_,8.92
_3460_,8.92
_1161_,8.9
_2050_,8.9
_2430_,8.9
_3935_,8.9
_4036_,8.9
_4080_,8.9
_4092_,8.9
_3145_,8.88
_3259_,8.88
_0041_,8.865
_0556_,8.865
_1976_,8.86
_2875_,8.86
_3412_,8.86
_3525_,8.86
_3638_,8.86
_3972_,8.86
_2945_,8.82
_3498_,8.82
_0031_,8.8
_1008_,8.8
_1257_,8.8
_2769_,8.8
_3739_,8.8
_0234_,8.765
_0648_,8.765
_0994_,8.765
_0521_,8.76
_1591_,8.76
rf.registers\[24\]\[13\],8.76
_1162_,8.74
_1556_,8.74
_1864_,8.74
_2044_,8.74
_0187_,8.725
_0191_,8.725
_0940_,8.725
_1290_,8.72
_0514_,8.685
_0377_,8.665
_0466_,8.665
_0475_,8.665
_2853_,8.66
rf.registers\[1\]\[11\],8.66
rf.registers\[21\]\[20\],8.66
_2028_,8.64
_0095_,8.615
_0348_,8.605
_2051_,8.6
_2419_,8.6
_3420_,8.58
_0574_,8.565
_0627_,8.565
_1417_,8.56
_1762_,8.56
_1835_,8.56
_2580_,8.56
_3850_,8.56
_3994_,8.56
_4192_,8.56
rf.registers\[25\]\[8\],8.56
rf.registers\[28\]\[30\],8.56
rf.registers\[4\]\[18\],8.56
rf.registers\[5\]\[1\],8.56
rf.registers\[2\]\[5\],8.555
_2860_,8.54
_0591_,8.535
_0256_,8.525
_0418_,8.52
_1067_,8.52
_1082_,8.52
_1413_,8.52
_1724_,8.52
_2073_,8.52
_2687_,8.52
_3283_,8.52
_3565_,8.52
_3936_,8.52
_1482_,8.5
_3279_,8.5
_3373_,8.5
alu_result[27],8.5
_1285_,8.48
_3141_,8.48
_3872_,8.48
_4047_,8.48
_0290_,8.46
rf.registers\[24\]\[2\],8.46
_1501_,8.44
_2946_,8.44
_3239_,8.44
_3883_,8.44
_3981_,8.44
_4003_,8.44
_4008_,8.44
rf.registers\[8\]\[4\],8.44
_0292_,8.435
_0270_,8.42
_3052_,8.42
rf.registers\[17\]\[10\],8.42
_0001_,8.405
_1525_,8.4
_2679_,8.4
_3231_,8.4
_3724_,8.4
_0885_,8.385
_0492_,8.34
_0840_,8.34
_1182_,8.34
_2329_,8.34
_2589_,8.34
_3044_,8.34
rf.registers\[6\]\[1\],8.33
_0048_,8.325
_0164_,8.325
_0504_,8.325
_0684_,8.32
_2394_,8.32
_0539_,8.305
_0571_,8.305
_0746_,8.305
_0926_,8.305
_0204_,8.3
_1340_,8.3
_1454_,8.3
_1924_,8.28
_3264_,8.28
_3677_,8.28
_1934_,8.275
_2870_,8.27
_1395_,8.26
_0532_,8.24
_2434_,8.24
_2930_,8.24
_0408_,8.225
_0601_,8.225
_2457_,8.22
_0582_,8.205
_1544_,8.2
rf.registers\[11\]\[6\],8.2
rf.registers\[7\]\[23\],8.2
_1659_,8.16
_0145_,8.155
_0138_,8.145
_1343_,8.14
_3087_,8.14
_3431_,8.14
_3932_,8.14
_1855_,8.12
_1038_,8.1
_1256_,8.1
_2351_,8.1
_3222_,8.1
_3620_,8.1
_4048_,8.1
rf.registers\[13\]\[13\],8.1
rf.registers\[13\]\[30\],8.1
_0077_,8.075
_2196_,8.06
_2284_,8.06
_2574_,8.06
_3172_,8.06
_3377_,8.06
_3651_,8.06
_3776_,8.06
_1215_,8.04
alu_result[0],8.04
alu_result[10],8.04
alu_result[11],8.04
alu_result[12],8.04
alu_result[13],8.04
alu_result[15],8.04
alu_result[16],8.04
alu_result[17],8.04
alu_result[18],8.04
alu_result[19],8.04
alu_result[1],8.04
alu_result[20],8.04
alu_result[21],8.04
alu_result[22],8.04
alu_result[23],8.04
alu_result[24],8.04
alu_result[28],8.04
alu_result[29],8.04
alu_result[2],8.04
alu_result[30],8.04
alu_result[31],8.04
alu_result[3],8.04
alu_result[4],8.04
alu_result[5],8.04
alu_result[6],8.04
alu_result[7],8.04
alu_result[8],8.04
alu_result[9],8.04
_0293_,8.025
_0653_,8.025
_1273_,8.02
_1589_,8.02
_2947_,8.02
_3085_,8.02
_3119_,8.02
_3139_,8.02
_3291_,8.02
_3794_,8.02
_3957_,8.02
_0414_,8
_2276_,8
_0462_,7.985
_1066_,7.98
_1360_,7.98
_2761_,7.98
_3135_,7.98
_3293_,7.98
_3618_,7.98
_3823_,7.98
_4096_,7.98
_4118_,7.98
_2350_,7.96
_0833_,7.945
_2849_,7.94
_2973_,7.94
_3189_,7.94
_3333_,7.94
_3396_,7.94
_3568_,7.94
_3944_,7.94
_3945_,7.94
_4107_,7.94
_4116_,7.94
_0353_,7.92
_1807_,7.92
_1970_,7.92
_0581_,7.905
_0778_,7.905
_0999_,7.88
_1297_,7.88
_1386_,7.88
_4204_,7.88
_2665_,7.86
rf.registers\[5\]\[22\],7.86
_0611_,7.855
_0937_,7.855
_1446_,7.84
_2129_,7.84
rf.registers\[25\]\[18\],7.84
_0038_,7.825
_0136_,7.815
_0546_,7.815
_0213_,7.805
_0411_,7.805
_1740_,7.8
_0111_,7.785
_1767_,7.78
_0536_,7.765
_0599_,7.765
_1028_,7.76
_0207_,7.745
_0459_,7.745
_2346_,7.74
_0788_,7.725
_0667_,7.705
_0624_,7.695
_0640_,7.685
_1050_,7.68
_2311_,7.68
_2664_,7.68
_2933_,7.68
_3214_,7.68
_3674_,7.68
_3725_,7.68
_2376_,7.66
_4011_,7.66
_0271_,7.645
_0472_,7.645
_1249_,7.64
_1311_,7.64
_1341_,7.64
_1487_,7.64
_1549_,7.64
_2393_,7.64
_2495_,7.64
_3083_,7.64
_3097_,7.64
_3354_,7.64
_3496_,7.64
_3713_,7.64
_3865_,7.64
rf.registers\[13\]\[9\],7.64
_2299_,7.62
_0558_,7.605
_2007_,7.6
_2139_,7.6
_3076_,7.6
_3793_,7.6
_3855_,7.6
_2381_,7.58
_3081_,7.58
_0672_,7.565
_0831_,7.56
_1045_,7.56
_1327_,7.56
_2378_,7.56
_2965_,7.56
_3155_,7.56
_3808_,7.56
_4027_,7.56
_0617_,7.545
_0741_,7.545
_0868_,7.54
_2744_,7.54
_0148_,7.525
_1331_,7.52
_1547_,7.52
_2427_,7.52
_3549_,7.52
_3601_,7.52
_3654_,7.52
_4021_,7.52
_4031_,7.52
_0000_,7.505
_3737_,7.5
_4124_,7.5
_0175_,7.485
_0744_,7.485
_1018_,7.485
_1164_,7.48
_1179_,7.48
_1473_,7.48
_1841_,7.48
_1854_,7.48
_3694_,7.48
_4177_,7.48
_0565_,7.46
_1780_,7.46
_3310_,7.44
_3669_,7.44
_4149_,7.44
_3720_,7.43
_0303_,7.42
_0522_,7.42
_0708_,7.42
_0742_,7.42
_3000_,7.42
_4164_,7.42
_4186_,7.42
_1388_,7.4
_1696_,7.4
_1813_,7.4
_2810_,7.4
_0227_,7.385
_2175_,7.38
_1021_,7.345
_1517_,7.34
_1752_,7.34
_2248_,7.32
_2343_,7.32
_0084_,7.305
_0281_,7.305
_0970_,7.305
_0989_,7.305
_1783_,7.3
_0756_,7.285
_2270_,7.28
_3399_,7.28
_0325_,7.265
_0520_,7.265
_0604_,7.245
_1432_,7.24
_1465_,7.23
_1029_,7.22
_1822_,7.22
_2616_,7.22
_3545_,7.22
_3840_,7.22
_2539_,7.2
_3462_,7.2
_1150_,7.18
_1153_,7.18
_1337_,7.18
_3639_,7.18
_3715_,7.18
_4072_,7.18
_4197_,7.18
rf.registers\[17\]\[13\],7.18
rf.registers\[25\]\[2\],7.18
_0816_,7.165
_0707_,7.145
_0728_,7.145
_0942_,7.145
_3060_,7.14
_3358_,7.14
_3394_,7.14
_3924_,7.14
_0139_,7.105
_0584_,7.105
_1971_,7.1
_3015_,7.1
_3200_,7.1
_3425_,7.1
_3523_,7.1
_3540_,7.1
_3771_,7.1
_4140_,7.1
_0247_,7.085
_1390_,7.06
_1509_,7.06
_1542_,7.06
_1667_,7.06
_2021_,7.06
_2374_,7.06
_2486_,7.06
_2557_,7.06
_3017_,7.06
_3027_,7.06
_3109_,7.06
_3229_,7.06
_3526_,7.06
_3550_,7.06
_3561_,7.06
_3585_,7.06
_3619_,7.06
_3856_,7.06
_3969_,7.06
_3983_,7.06
_4000_,7.06
_4065_,7.06
_0099_,7.045
_0283_,7.045
_0332_,7.045
_0662_,7.045
_3149_,7.04
_3756_,7.04
_0194_,7.025
_1014_,7.02
_0066_,7.015
_0113_,7.015
_0479_,7.015
_0905_,7.015
_0312_,7
_0680_,7
_0727_,7
_0442_,6.985
_0916_,6.98
_1981_,6.98
_3212_,6.98
_3524_,6.98
_0772_,6.965
_0035_,6.96
_0218_,6.96
_0471_,6.96
_1636_,6.96
_2047_,6.96
_1231_,6.94
_1602_,6.94
_2093_,6.94
_0313_,6.925
_0780_,6.925
_1754_,6.92
_0526_,6.905
_1504_,6.9
_1977_,6.9
_0144_,6.885
_0516_,6.885
_0993_,6.885
_1004_,6.885
_1354_,6.88
_1080_,6.86
_1627_,6.86
_2204_,6.86
_3528_,6.86
_3689_,6.86
_0098_,6.845
_0123_,6.845
_1220_,6.84
_0125_,6.825
_0149_,6.825
_0493_,6.825
_0511_,6.825
_0696_,6.825
_0703_,6.825
_0889_,6.825
_0891_,6.825
_2362_,6.82
_0792_,6.795
_0050_,6.765
_0976_,6.765
_2035_,6.765
_1559_,6.76
_3185_,6.76
_3379_,6.76
_3813_,6.76
_3888_,6.76
_3985_,6.76
_4208_,6.76
rf.registers\[12\]\[5\],6.76
_3777_,6.74
_4103_,6.74
_0841_,6.725
_0887_,6.725
_1063_,6.72
_1073_,6.72
_1438_,6.72
_1984_,6.72
_2623_,6.72
_3038_,6.72
_3173_,6.72
_3174_,6.72
_3844_,6.72
_3875_,6.72
_3907_,6.72
_3991_,6.72
_4007_,6.72
_4226_,6.72
_0876_,6.705
_0124_,6.685
_0185_,6.685
_0576_,6.685
_0767_,6.685
_1016_,6.685
_3390_,6.66
_3634_,6.66
_3754_,6.66
_0359_,6.645
_0497_,6.645
_0987_,6.645
_1647_,6.64
_3242_,6.64
_3257_,6.64
_3428_,6.64
_3448_,6.64
_3632_,6.64
_3730_,6.64
_3893_,6.64
net140,6.64
_0376_,6.625
_0935_,6.625
_2475_,6.62
_4064_,6.62
_1914_,6.6
_2488_,6.6
_2630_,6.6
_2827_,6.6
_3002_,6.6
_3040_,6.6
_3117_,6.6
_3327_,6.6
_3519_,6.6
_3567_,6.6
_3584_,6.6
_3594_,6.6
_3631_,6.6
_3648_,6.6
_3728_,6.6
_3913_,6.6
_4030_,6.6
_4056_,6.6
_4089_,6.6
_4220_,6.6
_0384_,6.54
_0893_,6.54
_0930_,6.54
_2994_,6.52
_3150_,6.52
_3685_,6.52
_3780_,6.52
_3834_,6.52
_4082_,6.52
_4147_,6.52
_0128_,6.515
_0188_,6.5
_0223_,6.5
_0301_,6.5
_1037_,6.5
_1062_,6.5
_1558_,6.5
_1626_,6.5
_2342_,6.5
_3023_,6.5
_1470_,6.48
_0221_,6.465
_0946_,6.465
_0955_,6.465
_0997_,6.465
_1278_,6.46
_1479_,6.46
_1069_,6.44
_1498_,6.44
_1534_,6.44
_0205_,6.425
_0542_,6.425
rf.registers\[13\]\[3\],6.4
_0731_,6.385
_1408_,6.38
_0021_,6.365
_0118_,6.365
_0133_,6.365
_0239_,6.365
_0279_,6.365
_0360_,6.365
_0656_,6.365
_0690_,6.365
_0915_,6.365
_0929_,6.365
_1007_,6.365
_1015_,6.365
_1875_,6.36
_2662_,6.32
_1305_,6.3
_1483_,6.3
_3063_,6.3
_3260_,6.3
_3418_,6.3
_3513_,6.3
_3843_,6.3
_3933_,6.3
_3970_,6.3
_2182_,6.28
_2245_,6.28
_2408_,6.28
rf.registers\[5\]\[23\],6.28
_4025_,6.27
_1612_,6.26
_1620_,6.26
_1956_,6.26
_2508_,6.26
_2611_,6.26
_3095_,6.26
_3106_,6.26
_3197_,6.26
_3426_,6.26
_3495_,6.26
_3609_,6.26
_3663_,6.26
_3680_,6.26
_4046_,6.26
_4223_,6.26
net108,6.26
_0428_,6.245
_3838_,6.24
_0668_,6.225
_1017_,6.225
_4016_,6.2
_1584_,6.18
_2290_,6.18
_2575_,6.18
_3006_,6.18
_3156_,6.18
_3198_,6.18
_3224_,6.18
_3442_,6.18
_3473_,6.18
_3666_,6.18
_3693_,6.18
_4014_,6.18
_0405_,6.165
_3316_,6.16
_0547_,6.155
_1208_,6.14
_1489_,6.14
_1686_,6.14
_1898_,6.14
_2910_,6.14
_3071_,6.14
_3147_,6.14
_3223_,6.14
_3400_,6.14
_3463_,6.14
_3616_,6.14
_3695_,6.14
_3699_,6.14
_3835_,6.14
_4004_,6.14
_4091_,6.14
_4169_,6.14
_1112_,6.12
_0020_,6.08
_0567_,6.08
_0670_,6.08
_0784_,6.08
_1811_,6.08
_1860_,6.08
_1945_,6.08
_0174_,6.065
_2755_,6.06
_3721_,6.06
_0183_,6.04
_0406_,6.04
_1210_,6.04
_1232_,6.04
_1288_,6.04
_1995_,6.04
_2285_,6.04
_2020_,6.02
_0203_,6.005
_0505_,6.005
_0531_,6.005
_0860_,6.005
_1200_,5.98
_2674_,5.98
_0005_,5.965
_0364_,5.965
_0793_,5.965
_2004_,5.96
_1414_,5.94
_2432_,5.94
_2951_,5.94
_0390_,5.935
_1903_,5.92
_2395_,5.92
_0029_,5.905
_0984_,5.895
_0092_,5.865
_2484_,5.86
_1271_,5.84
_1348_,5.84
_1370_,5.84
_1843_,5.84
_2029_,5.84
_2651_,5.84
_3088_,5.84
_3164_,5.84
_3452_,5.84
_3499_,5.84
_3614_,5.84
_3814_,5.84
_3910_,5.84
_3974_,5.84
_4146_,5.84
_4193_,5.84
_4213_,5.84
_1453_,5.8
_2188_,5.8
_2570_,5.8
_3146_,5.8
_3414_,5.8
_3487_,5.8
_3530_,5.8
_3705_,5.8
_3785_,5.8
_3801_,5.8
_4012_,5.8
_4174_,5.8
_4182_,5.8
_0116_,5.795
_2424_,5.78
_0112_,5.775
_0022_,5.765
_0151_,5.765
_0509_,5.765
_0564_,5.765
_0834_,5.765
_1010_,5.765
RD1[12],5.75
RD1[26],5.75
RD1[7],5.75
RD2[20],5.75
RD2[25],5.75
RD2[6],5.75
_1502_,5.74
_1563_,5.74
_0634_,5.725
_0943_,5.725
_1721_,5.72
_1871_,5.72
_1905_,5.72
_2913_,5.72
_3073_,5.72
_3121_,5.72
_3289_,5.72
_3441_,5.72
_3556_,5.72
_3678_,5.72
_3859_,5.72
_3999_,5.72
_4194_,5.72
_0196_,5.715
_1333_,5.715
_0422_,5.7
_0829_,5.7
_2279_,5.7
_0251_,5.695
_1931_,5.68
_2080_,5.68
_2654_,5.68
_2936_,5.68
_2990_,5.68
_3090_,5.68
_3111_,5.68
_3180_,5.68
_3206_,5.68
_3273_,5.68
_3366_,5.68
_3553_,5.68
_3578_,5.68
_3580_,5.68
_3611_,5.68
_3646_,5.68
_3649_,5.68
_3659_,5.68
_3821_,5.68
_3831_,5.68
_3867_,5.68
_4029_,5.68
_4038_,5.68
_4100_,5.68
_4143_,5.68
_0134_,5.645
_1048_,5.64
WD3[0],5.63
_0856_,5.625
_0819_,5.62
_2063_,5.62
_0055_,5.605
_0782_,5.605
_2283_,5.6
_2365_,5.6
_3114_,5.6
_0220_,5.58
_0285_,5.58
_0372_,5.58
_0427_,5.58
_0631_,5.58
_1084_,5.58
_1098_,5.58
_1371_,5.58
_1398_,5.58
_1523_,5.58
_1717_,5.58
_1791_,5.58
_2426_,5.58
_2594_,5.58
_0596_,5.575
_1818_,5.56
_0153_,5.545
_0315_,5.545
_0478_,5.545
_0903_,5.515
_0217_,5.505
_0454_,5.505
_0513_,5.505
_1412_,5.5
_0381_,5.48
_1568_,5.48
_0424_,5.475
_0657_,5.475
_0039_,5.465
_0448_,5.465
_1577_,5.46
_1715_,5.46
_2006_,5.46
_0276_,5.445
_0807_,5.445
_2345_,5.44
_0171_,5.435
_0261_,5.435
_0421_,5.435
_0804_,5.435
WD3[11],5.41
WD3[12],5.41
WD3[14],5.41
WD3[15],5.41
WD3[17],5.41
WD3[20],5.41
WD3[24],5.41
WD3[25],5.41
WD3[27],5.41
WD3[30],5.41
WD3[31],5.41
WD3[4],5.41
WD3[6],5.41
WD3[7],5.41
alu_opcode[0],5.41
_0073_,5.405
_1387_,5.4
_1697_,5.4
_2170_,5.4
_2327_,5.4
_2797_,5.4
_2461_,5.395
_1503_,5.38
_1610_,5.38
_1672_,5.38
_1678_,5.38
_1710_,5.38
_2292_,5.38
_2609_,5.38
_2703_,5.38
_3236_,5.38
_3410_,5.38
_3509_,5.38
_3668_,5.38
_3714_,5.38
_3822_,5.38
_3889_,5.38
_3896_,5.38
_3961_,5.38
_4137_,5.38
_4155_,5.38
_1913_,5.365
_1506_,5.36
_2789_,5.36
_2948_,5.36
_3637_,5.36
_4084_,5.36
_0272_,5.345
_0286_,5.345
_0773_,5.345
_0902_,5.345
_2067_,5.34
_2092_,5.34
_2969_,5.34
_3030_,5.34
_3118_,5.34
_3171_,5.34
_3275_,5.34
_3560_,5.34
_3573_,5.34
_3583_,5.34
_3613_,5.34
_3642_,5.34
_3681_,5.34
_3757_,5.34
_3989_,5.34
_3990_,5.34
_4035_,5.34
_4043_,5.34
_4052_,5.34
_4078_,5.34
_4105_,5.34
_4158_,5.34
_0689_,5.325
_0225_,5.315
_0393_,5.315
_0449_,5.315
_0753_,5.315
_0945_,5.315
_0117_,5.305
_0264_,5.305
_0334_,5.305
_0503_,5.305
_0535_,5.305
_0730_,5.305
_2268_,5.28
_3964_,5.28
_3995_,5.28
_4228_,5.28
_0404_,5.265
_0457_,5.265
_0473_,5.265
_1213_,5.26
_1362_,5.26
_1405_,5.26
_1430_,5.26
_1561_,5.26
_1600_,5.26
_1714_,5.26
_2030_,5.26
_2631_,5.26
_2751_,5.26
_2899_,5.26
_3042_,5.26
_3427_,5.26
_3464_,5.26
_3514_,5.26
_3543_,5.26
_3686_,5.26
_3851_,5.26
_4093_,5.26
_4151_,5.26
_4206_,5.26
_4209_,5.26
_0186_,5.245
_0259_,5.245
_2255_,5.24
_1468_,5.22
_1873_,5.22
_2103_,5.22
_2333_,5.22
_2738_,5.22
_2747_,5.22
_3075_,5.22
_3187_,5.22
_3422_,5.22
_3456_,5.22
_3579_,5.22
_3595_,5.22
_3774_,5.22
_3836_,5.22
_3927_,5.22
_3965_,5.22
_3993_,5.22
_4114_,5.22
_4138_,5.22
_0541_,5.205
_0057_,5.185
_0078_,5.185
_0420_,5.18
_0736_,5.165
_0105_,5.16
_0248_,5.16
_1105_,5.16
_0682_,5.14
_3225_,5.14
_4159_,5.14
_1046_,5.12
_1201_,5.12
_1240_,5.12
_1325_,5.12
_1520_,5.12
_1992_,5.12
_2161_,5.12
_3747_,5.12
_0745_,5.1
_1889_,5.1
_0371_,5.095
_0415_,5.095
_0555_,5.095
_0664_,5.095
_0677_,5.095
_0089_,5.085
_0852_,5.085
_0875_,5.085
_1229_,5.06
_1622_,5.06
_1953_,5.06
_2163_,5.06
_2564_,5.06
_0129_,5.045
_0498_,5.045
_0721_,5.045
_0770_,5.04
_0944_,5.04
_2360_,5.04
_1770_,5.02
_2090_,5.02
_2364_,5.02
_0871_,5.015
_2142_,5
_0467_,4.985
_0277_,4.975
_0316_,4.975
_0951_,4.975
_0622_,4.965
_3679_,4.96
WD3[10],4.95
WD3[13],4.95
WD3[16],4.95
WD3[18],4.95
WD3[1],4.95
WD3[21],4.95
WD3[23],4.95
WD3[26],4.95
WD3[28],4.95
WD3[29],4.95
WD3[2],4.95
WD3[3],4.95
WD3[5],4.95
WD3[8],4.95
WD3[9],4.95
WE3,4.95
alu_opcode[1],4.95
_0115_,4.925
_1211_,4.92
_1250_,4.92
_1313_,4.92
_1832_,4.92
_2184_,4.92
_3065_,4.92
_3132_,4.92
_3165_,4.92
_3237_,4.92
_3250_,4.92
_3450_,4.92
_3517_,4.92
_3684_,4.92
_3956_,4.92
_3975_,4.92
_4075_,4.92
_4125_,4.92
_4139_,4.92
_4200_,4.92
_4207_,4.92
_2941_,4.9
_3158_,4.9
_0106_,4.885
_0202_,4.885
_0487_,4.885
_1194_,4.88
_1274_,4.88
_1478_,4.88
_1550_,4.88
_1639_,4.88
_1850_,4.88
_2095_,4.88
_2098_,4.88
_2487_,4.88
_2779_,4.88
_3177_,4.88
_3484_,4.88
_3529_,4.88
_3621_,4.88
_3650_,4.88
_3709_,4.88
_3764_,4.88
_3847_,4.88
_4154_,4.88
_4179_,4.88
_0011_,4.845
_0053_,4.845
_0065_,4.845
_0267_,4.845
_0269_,4.845
_0310_,4.845
_0453_,4.845
_0464_,4.845
_0486_,4.845
_0525_,4.845
_0890_,4.845
_0671_,4.82
_0823_,4.82
_3429_,4.82
_3482_,4.82
_0236_,4.805
_0431_,4.805
_1064_,4.8
_1238_,4.8
_2012_,4.8
_2031_,4.8
_2354_,4.8
_2699_,4.8
_3074_,4.8
_3234_,4.8
_3255_,4.8
_3287_,4.8
_3424_,4.8
_3788_,4.8
_3860_,4.8
_3997_,4.8
_4028_,4.8
_0047_,4.795
_0900_,4.795
_0328_,4.785
_2567_,4.78
_1234_,4.76
_2186_,4.76
_2607_,4.76
_3350_,4.76
_3392_,4.76
_3476_,4.76
_3557_,4.76
_3577_,4.76
_3992_,4.76
_4087_,4.76
_4119_,4.76
_2858_,4.73
_0802_,4.725
_0881_,4.725
_0533_,4.72
_0366_,4.7
_0562_,4.7
_0701_,4.7
_0941_,4.7
_1336_,4.7
_1739_,4.7
_1881_,4.7
_1351_,4.68
_1679_,4.68
_3829_,4.68
_2019_,4.66
_0884_,4.655
_0258_,4.635
_0796_,4.635
_0967_,4.635
_0060_,4.625
_0090_,4.625
_0265_,4.625
_0583_,4.625
_0616_,4.625
_0806_,4.625
_0922_,4.625
WD3[19],4.61
WD3[22],4.61
_0045_,4.605
_0081_,4.605
_0229_,4.605
_1458_,4.6
_2154_,4.6
_0052_,4.585
_0158_,4.585
_0161_,4.585
_0278_,4.585
_0385_,4.585
_0396_,4.585
_0820_,4.585
_0988_,4.585
_1001_,4.585
_0245_,4.58
_0490_,4.58
_1171_,4.58
_1904_,4.58
_0822_,4.56
_2617_,4.56
_2733_,4.56
_1424_,4.555
_0801_,4.525
_0849_,4.505
_2520_,4.495
_2641_,4.495
_0515_,4.485
_2058_,4.48
_2185_,4.48
_2334_,4.48
_1665_,4.46
_2076_,4.46
_2128_,4.46
_2288_,4.46
_2388_,4.46
_2573_,4.46
_2634_,4.46
_2813_,4.46
_2823_,4.46
_2922_,4.46
_3232_,4.46
_3467_,4.46
_3903_,4.46
_4057_,4.46
_4083_,4.46
_1516_,4.44
_0463_,4.435
_0002_,4.425
_0069_,4.425
_0238_,4.425
_0491_,4.425
_0979_,4.425
_2925_,4.42
_3098_,4.42
_3137_,4.42
_3331_,4.42
_3383_,4.42
_3433_,4.42
_3586_,4.42
_3704_,4.42
_3751_,4.42
_3870_,4.42
_3976_,4.42
_4020_,4.42
_4077_,4.42
_4135_,4.42
_4221_,4.42
_4222_,4.42
RD1[0],4.39
RD1[10],4.39
RD1[11],4.39
RD1[13],4.39
RD1[14],4.39
RD1[15],4.39
RD1[16],4.39
RD1[17],4.39
RD1[18],4.39
RD1[19],4.39
RD1[1],4.39
RD1[20],4.39
RD1[21],4.39
RD1[22],4.39
RD1[23],4.39
RD1[24],4.39
RD1[25],4.39
RD1[27],4.39
RD1[28],4.39
RD1[29],4.39
RD1[2],4.39
RD1[30],4.39
RD1[31],4.39
RD1[3],4.39
RD1[4],4.39
RD1[5],4.39
RD1[6],4.39
RD1[8],4.39
RD1[9],4.39
RD2[0],4.39
RD2[10],4.39
RD2[11],4.39
RD2[12],4.39
RD2[13],4.39
RD2[14],4.39
RD2[15],4.39
RD2[16],4.39
RD2[17],4.39
RD2[18],4.39
RD2[19],4.39
RD2[1],4.39
RD2[21],4.39
RD2[22],4.39
RD2[23],4.39
RD2[24],4.39
RD2[26],4.39
RD2[27],4.39
RD2[28],4.39
RD2[29],4.39
RD2[2],4.39
RD2[30],4.39
RD2[31],4.39
RD2[3],4.39
RD2[4],4.39
RD2[5],4.39
RD2[7],4.39
RD2[8],4.39
RD2[9],4.39
_0051_,4.385
_0146_,4.385
_0985_,4.385
_0661_,4.375
_0638_,4.36
_2931_,4.36
_1079_,4.34
_1840_,4.34
_1938_,4.34
_2099_,4.34
_2197_,4.34
_2272_,4.34
_2403_,4.34
_2652_,4.34
_2822_,4.34
_3103_,4.34
_3247_,4.34
_3356_,4.34
_3415_,4.34
_3863_,4.34
_3939_,4.34
_4010_,4.34
_4037_,4.34
_4112_,4.34
_4115_,4.34
_4225_,4.34
_0585_,4.335
_1094_,4.32
_2772_,4.3
_0349_,4.295
_0436_,4.295
_0465_,4.295
_0607_,4.265
_0698_,4.265
_0110_,4.24
_0166_,4.24
_0842_,4.24
_0851_,4.24
_0947_,4.24
_1745_,4.24
_1961_,4.24
_2372_,4.24
_2471_,4.24
_0694_,4.22
_2181_,4.22
_2297_,4.22
_2390_,4.22
_2958_,4.22
_3653_,4.22
_1152_,4.2
_1596_,4.2
_1657_,4.2
_1906_,4.2
_2984_,4.2
_3323_,4.2
_0075_,4.195
_0071_,4.165
_0100_,4.165
_0209_,4.165
_0262_,4.165
_0288_,4.165
_0501_,4.165
_0445_,4.145
_0996_,4.145
_1557_,4.14
_2231_,4.14
_2359_,4.14
_2819_,4.14
_0184_,4.12
_1196_,4.12
_1533_,4.12
_0635_,4.095
_0846_,4.095
_1011_,4.095
_0363_,4.085
_0127_,4.065
_0244_,4.065
_0495_,4.065
_0898_,4.045
_1422_,4.02
_1491_,4.02
_2791_,4.02
_2915_,4.02
_1130_,4
_1207_,4
_1536_,4
_1775_,4
_1804_,4
_2138_,4
_2547_,4
_2884_,4
_2992_,4
_3248_,4
_3335_,4
_3401_,4
_3416_,4
_3593_,4
_3627_,4
_3947_,4
_3960_,4
_4196_,4
_4219_,4
_3778_,3.98
_3852_,3.98
_0096_,3.975
_0242_,3.975
_0308_,3.975
_0394_,3.975
_0909_,3.975
_0009_,3.965
_0528_,3.965
_0692_,3.965
_0925_,3.965
_0932_,3.965
_0173_,3.955
_0097_,3.925
_0329_,3.925
_0592_,3.925
_0715_,3.925
_2659_,3.925
_1195_,3.9
_1521_,3.9
_1538_,3.9
_2864_,3.9
_3128_,3.9
_3169_,3.9
_3267_,3.9
_3329_,3.9
_3454_,3.9
_3645_,3.9
_3652_,3.9
_4026_,3.9
_4122_,3.9
_4211_,3.9
_1072_,3.88
_1209_,3.88
_1254_,3.88
_1526_,3.88
_1646_,3.88
_1986_,3.88
_2171_,3.88
_2210_,3.88
_2493_,3.88
_2692_,3.88
_3050_,3.88
_3115_,3.88
_3362_,3.88
_3371_,3.88
_3508_,3.88
_3534_,3.88
_3572_,3.88
_3591_,3.88
_3745_,3.88
_3758_,3.88
_3818_,3.88
_3887_,3.88
_4079_,3.88
_4157_,3.88
_4201_,3.88
_4202_,3.88
net61,3.88
net62,3.88
net67,3.88
net69,3.88
net70,3.88
net73,3.88
_0190_,3.865
_0939_,3.865
_0104_,3.855
_2962_,3.85
_0135_,3.805
_0837_,3.805
_0197_,3.78
_0200_,3.78
_0304_,3.78
_0416_,3.78
_0575_,3.78
_1012_,3.78
_1368_,3.78
_1406_,3.78
_1595_,3.78
_1690_,3.78
_1781_,3.78
_2423_,3.78
_4101_,3.78
_4126_,3.78
_1089_,3.76
_2700_,3.76
_0025_,3.74
_2013_,3.74
_2749_,3.74
_2760_,3.74
_0034_,3.705
_0419_,3.705
_0488_,3.705
_0499_,3.705
_0610_,3.705
_1777_,3.69
_0952_,3.685
_1876_,3.68
_2453_,3.68
_2505_,3.68
_2767_,3.68
_1814_,3.66
_1702_,3.655
_2530_,3.64
_0480_,3.635
_0056_,3.625
_0059_,3.625
_0064_,3.625
_0760_,3.625
_0735_,3.615
_0365_,3.585
_0639_,3.585
_0114_,3.565
_1188_,3.56
_2501_,3.56
_1102_,3.54
_1289_,3.54
_1515_,3.54
_1839_,3.54
_2082_,3.54
_2131_,3.54
_2174_,3.54
_2307_,3.54
_2433_,3.54
_2537_,3.54
_2578_,3.54
_2706_,3.54
_2713_,3.54
_2754_,3.54
_2816_,3.54
_3036_,3.54
_3226_,3.54
_3233_,3.54
_3348_,3.54
_3434_,3.54
_3437_,3.54
_3492_,3.54
_3763_,3.54
_3895_,3.54
_3912_,3.54
_4076_,3.54
_4098_,3.54
_4210_,3.54
_1758_,3.52
_2918_,3.52
_0425_,3.515
_0724_,3.515
_0091_,3.505
_0152_,3.505
_0358_,3.505
_0848_,3.505
_0068_,3.465
_0101_,3.465
_0108_,3.465
_0147_,3.465
_0252_,3.465
_0412_,3.465
_0446_,3.465
_0712_,3.465
_0726_,3.465
_0949_,3.465
_0954_,3.465
_0963_,3.465
_0274_,3.44
_1373_,3.44
_3100_,3.44
_3423_,3.44
_3486_,3.44
_3665_,3.44
_3670_,3.44
_3925_,3.44
_4024_,3.44
_4168_,3.44
_1259_,3.42
_1318_,3.42
_1324_,3.42
_1389_,3.42
_1428_,3.42
_1460_,3.42
_1546_,3.42
_1774_,3.42
_1933_,3.42
_2152_,3.42
_2172_,3.42
_2491_,3.42
_2585_,3.42
_2771_,3.42
_2848_,3.42
_3107_,3.42
_3318_,3.42
_3387_,3.42
_3445_,3.42
_3483_,3.42
_3501_,3.42
_3544_,3.42
_3546_,3.42
_3558_,3.42
_3622_,3.42
_3657_,3.42
_3738_,3.42
_3916_,3.42
_3984_,3.42
_0666_,3.415
_0686_,3.415
_0912_,3.415
_0413_,3.405
_0434_,3.405
_0510_,3.405
_0620_,3.405
_0799_,3.405
_0908_,3.405
_0931_,3.405
_2842_,3.38
_0287_,3.345
_0338_,3.345
_0345_,3.345
_0750_,3.345
_0791_,3.345
_0769_,3.34
_0812_,3.34
_0291_,3.32
_0844_,3.32
_0853_,3.32
_1058_,3.32
_1400_,3.32
_1687_,3.32
_2017_,3.32
_2024_,3.32
_2596_,3.32
_3432_,3.32
_1391_,3.3
_1884_,3.3
_0729_,3.295
_0447_,3.245
_0732_,3.245
_0042_,3.225
_0878_,3.225
_0910_,3.225
_1990_,3.22
_2294_,3.22
_2517_,3.22
_2562_,3.22
_0665_,3.2
_1230_,3.19
_2448_,3.18
_0046_,3.175
_0103_,3.175
_0122_,3.175
_0307_,3.175
_0577_,3.175
_0618_,3.175
_0785_,3.175
_0882_,3.175
_0324_,3.165
_0647_,3.165
_0675_,3.165
_0452_,3.145
_0718_,3.145
_0821_,3.145
_0917_,3.145
_0956_,3.145
_0809_,3.125
_0977_,3.125
_1457_,3.12
_0920_,3.1
_1594_,3.1
_1720_,3.1
_2164_,3.1
_1447_,3.08
_1581_,3.08
_1785_,3.08
_1972_,3.08
_2061_,3.08
_2151_,3.08
_2710_,3.08
_2722_,3.08
_2840_,3.08
_2844_,3.08
_3004_,3.08
_3202_,3.08
_3253_,3.08
_3254_,3.08
_3285_,3.08
_3341_,3.08
_3469_,3.08
_3503_,3.08
_3536_,3.08
_3539_,3.08
_3590_,3.08
_3612_,3.08
_3876_,3.08
_3897_,3.08
_3946_,3.08
_4102_,3.08
_0015_,3.045
_0043_,3.045
_0044_,3.045
_0137_,3.045
_0159_,3.045
_0341_,3.045
_0388_,3.045
_0455_,3.045
_0553_,3.045
_0695_,3.045
_0827_,3.045
_0981_,3.045
_0023_,3.005
_0143_,3.005
_0346_,3.005
_0423_,3.005
_0518_,3.005
_0549_,3.005
_0839_,3.005
_0986_,3.005
_1003_,3.005
_1993_,2.985
_0250_,2.98
_3034_,2.98
_3210_,2.98
_3409_,2.98
_3522_,2.98
_3596_,2.98
_3703_,2.98
_3762_,2.98
_1185_,2.96
_1217_,2.96
_1363_,2.96
_1441_,2.96
_1553_,2.96
_2015_,2.96
_2145_,2.96
_2400_,2.96
_2418_,2.96
_2455_,2.96
_2465_,2.96
_2516_,2.96
_2615_,2.96
_2677_,2.96
_3188_,2.96
_3302_,2.96
_3343_,2.96
_3352_,2.96
_3364_,2.96
_3449_,2.96
_3459_,2.96
_3518_,2.96
_3535_,2.96
_3537_,2.96
_3727_,2.96
_3796_,2.96
_3873_,2.96
_3934_,2.96
_3978_,2.96
_4015_,2.96
_4039_,2.96
_4188_,2.96
_4227_,2.96
_0178_,2.955
_0233_,2.955
_0026_,2.945
_0379_,2.945
_0572_,2.945
_0586_,2.945
_0641_,2.945
_0982_,2.915
_0619_,2.885
_0070_,2.88
_0369_,2.88
_0374_,2.88
_0534_,2.88
_0126_,2.86
_0284_,2.86
_0300_,2.86
_0327_,2.86
_0350_,2.86
_0403_,2.86
_0433_,2.86
_0502_,2.86
_0609_,2.86
_0743_,2.86
_0752_,2.86
_0892_,2.86
_1497_,2.86
_2704_,2.86
_2766_,2.86
_2927_,2.86
_1827_,2.84
_2671_,2.84
_0024_,2.785
_0214_,2.785
_0375_,2.785
_0398_,2.785
_0437_,2.785
_0474_,2.785
_0500_,2.785
_0507_,2.785
_0660_,2.785
_0693_,2.785
_0948_,2.785
_0962_,2.785
_1461_,2.77
_0004_,2.76
_1247_,2.76
_1322_,2.76
_1426_,2.76
_1576_,2.76
_1936_,2.76
_2633_,2.76
_2832_,2.76
_2942_,2.76
_1887_,2.74
_2613_,2.72
_0192_,2.715
_0212_,2.715
_0249_,2.715
_0407_,2.715
_0566_,2.715
_0674_,2.715
_0704_,2.715
_0771_,2.715
_0880_,2.715
_0964_,2.715
_0980_,2.715
_0177_,2.705
_0317_,2.705
_0333_,2.705
_0395_,2.705
_0551_,2.705
_0678_,2.705
_0679_,2.705
_0779_,2.705
_0786_,2.705
_0863_,2.705
_0906_,2.705
_1009_,2.705
_0524_,2.665
_2060_,2.625
_1051_,2.62
_1216_,2.62
_1261_,2.62
_1374_,2.62
_1376_,2.62
_1451_,2.62
_1566_,2.62
_1642_,2.62
_1759_,2.62
_2118_,2.62
_2173_,2.62
_2251_,2.62
_2490_,2.62
_2798_,2.62
_2891_,2.62
_2935_,2.62
_3080_,2.62
_3099_,2.62
_3235_,2.62
_3270_,2.62
_3481_,2.62
_3628_,2.62
_3630_,2.62
_3746_,2.62
_3784_,2.62
_3830_,2.62
_3839_,2.62
_3880_,2.62
_3886_,2.62
_3966_,2.62
_4063_,2.62
_4195_,2.62
_0322_,2.595
_0383_,2.595
_1022_,2.595
_0162_,2.585
_0382_,2.585
_0087_,2.545
_0282_,2.545
_0319_,2.545
_0460_,2.545
_0489_,2.545
_0550_,2.545
_0561_,2.545
_0587_,2.545
_0630_,2.545
_0649_,2.545
_0738_,2.545
_0768_,2.545
_0883_,2.545
_0950_,2.545
_1002_,2.545
_1020_,2.545
_0913_,2.52
_0972_,2.52
_1369_,2.52
_3077_,2.52
_3134_,2.52
_3186_,2.52
_3217_,2.52
_3251_,2.52
_3494_,2.52
_3559_,2.52
_3607_,2.52
_3629_,2.52
_3664_,2.52
_3810_,2.52
_3816_,2.52
_3861_,2.52
_4108_,2.52
_1439_,2.5
_1809_,2.5
_1851_,2.5
_1901_,2.5
_2094_,2.5
_2126_,2.5
_2599_,2.5
_2977_,2.5
_3113_,2.5
_3369_,2.5
_3485_,2.5
_3533_,2.5
_3566_,2.5
_3783_,2.5
_3845_,2.5
_3854_,2.5
_3894_,2.5
_4005_,2.5
_4019_,2.5
_4127_,2.5
_4198_,2.5
_0468_,2.495
_0030_,2.485
_0049_,2.485
_0109_,2.485
_0195_,2.485
_0206_,2.485
_0263_,2.485
_0306_,2.485
_0311_,2.485
_0343_,2.485
_0512_,2.485
_0552_,2.485
_0563_,2.485
_0614_,2.485
_0706_,2.485
_0733_,2.485
_0754_,2.485
_0795_,2.485
_0861_,2.485
_0918_,2.485
_0927_,2.485
_0975_,2.485
_1013_,2.485
_0036_,2.42
_0040_,2.42
_0086_,2.42
_0176_,2.42
_0182_,2.42
_0208_,2.42
_0314_,2.42
_0335_,2.42
_0337_,2.42
_0368_,2.42
_0373_,2.42
_0426_,2.42
_0461_,2.42
_0544_,2.42
_0613_,2.42
_0700_,2.42
_0781_,2.42
_0815_,2.42
_0968_,2.42
_0973_,2.42
_0992_,2.42
_1396_,2.4
_1894_,2.4
_2083_,2.4
_2940_,2.4
_3490_,2.4
_4165_,2.4
_1277_,2.38
_1675_,2.38
_0142_,2.375
_0237_,2.375
_0253_,2.375
_0275_,2.375
_0450_,2.375
_0451_,2.375
_0456_,2.375
_0476_,2.375
_0580_,2.375
_0602_,2.375
_0637_,2.375
_0705_,2.375
_0739_,2.375
_0794_,2.375
_0013_,2.325
_0107_,2.325
_0120_,2.325
_0132_,2.325
_0243_,2.325
_0296_,2.325
_0470_,2.325
_0608_,2.325
_0632_,2.325
_0758_,2.325
_0817_,2.325
_0928_,2.325
_1109_,2.3
_1296_,2.3
_1423_,2.3
_1435_,2.3
_1459_,2.3
_1623_,2.3
_1644_,2.3
_1985_,2.3
_2042_,2.3
_2052_,2.3
_2065_,2.3
_2072_,2.3
_2587_,2.3
_2660_,2.3
_2756_,2.3
_2825_,2.3
_2957_,2.3
_1481_,2.28
_1555_,2.28
_2714_,2.28
_0006_,2.255
_0085_,2.255
_0150_,2.255
_0160_,2.255
_0246_,2.255
_0257_,2.255
_0722_,2.255
_0762_,2.255
_0790_,2.255
_0818_,2.255
_0854_,2.255
_0904_,2.255
_0938_,2.255
_2045_,2.25
_0180_,2.225
_0545_,2.225
_0934_,2.205
_2939_,2.19
_2267_,2.18
_2497_,2.18
_2532_,2.18
_2752_,2.18
_2908_,2.18
_2914_,2.18
_2954_,2.18
_1111_,2.16
_1524_,2.16
_1585_,2.16
_1645_,2.16
_1997_,2.16
_2102_,2.16
_2132_,2.16
_2135_,2.16
_2302_,2.16
_2361_,2.16
_2638_,2.16
_2643_,2.16
_2851_,2.16
_2855_,2.16
_2905_,2.16
_2911_,2.16
_3064_,2.16
_3136_,2.16
_3157_,2.16
_3160_,2.16
_3321_,2.16
_3471_,2.16
_3478_,2.16
_3662_,2.16
_3676_,2.16
_3700_,2.16
_3717_,2.16
_3911_,2.16
_3931_,2.16
_3941_,2.16
_3949_,2.16
_3967_,2.16
_3988_,2.16
_3996_,2.16
_4136_,2.16
_4156_,2.16
_0014_,2.125
_0169_,2.125
_0280_,2.125
_0380_,2.125
_0483_,2.125
_0625_,2.125
_0702_,2.125
_0740_,2.125
_0965_,2.125
_0990_,2.125
_2620_,2.095
_0007_,2.085
_0063_,2.085
_0088_,2.085
_0102_,2.085
_0168_,2.085
_0289_,2.085
_0519_,2.085
_0540_,2.085
_0593_,2.085
_0710_,2.085
_0716_,2.085
_0824_,2.085
_0843_,2.085
_0966_,2.085
_0441_,2.08
_1053_,2.06
_1365_,2.06
_2191_,2.06
_2952_,2.06
_2988_,2.06
_3019_,2.06
_3084_,2.06
_3096_,2.06
_3101_,2.06
_3133_,2.06
_3140_,2.06
_3152_,2.06
_3162_,2.06
_3175_,2.06
_3192_,2.06
_3218_,2.06
_3258_,2.06
_3265_,2.06
_3381_,2.06
_3421_,2.06
_3438_,2.06
_3440_,2.06
_3446_,2.06
_3468_,2.06
_3488_,2.06
_3489_,2.06
_3562_,2.06
_3564_,2.06
_3635_,2.06
_3736_,2.06
_3743_,2.06
_3752_,2.06
_3760_,2.06
_3761_,2.06
_3767_,2.06
_3787_,2.06
_3795_,2.06
_3812_,2.06
_3815_,2.06
_3824_,2.06
_3881_,2.06
_3884_,2.06
_3905_,2.06
_3919_,2.06
_3929_,2.06
_3982_,2.06
_4033_,2.06
_4071_,2.06
_4088_,2.06
_4120_,2.06
_4145_,2.06
_4152_,2.06
_4191_,2.06
_1848_,2.04
_1994_,2.04
_2315_,2.04
_2514_,2.04
_2796_,2.04
_2902_,2.04
_2983_,2.04
_3059_,2.04
_3070_,2.04
_3144_,2.04
_3151_,2.04
_3161_,2.04
_3274_,2.04
_3626_,2.04
_3640_,2.04
_3726_,2.04
_3772_,2.04
_3790_,2.04
_3804_,2.04
_3943_,2.04
_4044_,2.04
_4175_,2.04
_4217_,2.04
_0012_,2.025
_0027_,2.025
_0032_,2.025
_0054_,2.025
_0083_,2.025
_0121_,2.025
_0141_,2.025
_0157_,2.025
_0167_,2.025
_0181_,2.025
_0189_,2.025
_0211_,2.025
_0215_,2.025
_0228_,2.025
_0266_,2.025
_0268_,2.025
_0273_,2.025
_0295_,2.025
_0309_,2.025
_0321_,2.025
_0331_,2.025
_0340_,2.025
_0352_,2.025
_0356_,2.025
_0361_,2.025
_0362_,2.025
_0367_,2.025
_0399_,2.025
_0400_,2.025
_0435_,2.025
_0438_,2.025
_0440_,2.025
_0444_,2.025
_0458_,2.025
_0484_,2.025
_0485_,2.025
_0517_,2.025
_0548_,2.025
_0559_,2.025
_0560_,2.025
_0570_,2.025
_0590_,2.025
_0594_,2.025
_0595_,2.025
_0598_,2.025
_0612_,2.025
_0626_,2.025
_0633_,2.025
_0643_,2.025
_0644_,2.025
_0645_,2.025
_0646_,2.025
_0650_,2.025
_0651_,2.025
_0676_,2.025
_0687_,2.025
_0699_,2.025
_0717_,2.025
_0720_,2.025
_0734_,2.025
_0755_,2.025
_0761_,2.025
_0775_,2.025
_0776_,2.025
_0800_,2.025
_0813_,2.025
_0825_,2.025
_0828_,2.025
_0830_,2.025
_0832_,2.025
_0850_,2.025
_0857_,2.025
_0858_,2.025
_0859_,2.025
_0862_,2.025
_0866_,2.025
_0870_,2.025
_0872_,2.025
_0879_,2.025
_0924_,2.025
_0936_,2.025
_0959_,2.025
_0971_,2.025
_0978_,2.025
_0991_,2.025
_0998_,2.025
_1000_,2.025
_1006_,2.025
_2686_,1.955
_1401_,1.94
_1437_,1.94
_1500_,1.94
_1554_,1.94
_1853_,1.94
_2105_,1.94
_2130_,1.94
_2136_,1.94
_2515_,1.94
_0165_,1.915
_0241_,1.915
_0402_,1.915
_0554_,1.915
_0603_,1.915
_0774_,1.915
_0019_,1.865
_0028_,1.865
_0093_,1.865
_0119_,1.865
_0198_,1.865
_0224_,1.865
_0232_,1.865
_0318_,1.865
_0391_,1.865
_0401_,1.865
_0439_,1.865
_0469_,1.865
_0508_,1.865
_0527_,1.865
_0529_,1.865
_0537_,1.865
_0569_,1.865
_0652_,1.865
_0658_,1.865
_0711_,1.865
_0737_,1.865
_0747_,1.865
_0757_,1.865
_0960_,1.865
_0995_,1.865
_1005_,1.865
_1167_,1.84
_1187_,1.84
_1228_,1.84
_1264_,1.84
_1601_,1.84
_1803_,1.84
_2429_,1.84
_2456_,1.84
_2480_,1.84
_2526_,1.84
_2542_,1.84
_2647_,1.84
_2944_,1.84
net50,1.84
net57,1.84
net58,1.84
net76,1.84
net77,1.84
net79,1.84
net80,1.84
_1088_,1.82
_1800_,1.82
_1892_,1.82
_2877_,1.82
_1245_,1.72
_2410_,1.72
_2923_,1.72
_1204_,1.7
_1486_,1.7
_1592_,1.7
_1756_,1.7
_1837_,1.7
_2148_,1.7
_2160_,1.7
_2281_,1.7
_2474_,1.7
_2668_,1.7
_2729_,1.7
_2731_,1.7
_2785_,1.7
_2808_,1.7
_2830_,1.7
_2857_,1.7
_2892_,1.7
_2975_,1.7
_3191_,1.7
_3209_,1.7
_3213_,1.7
_3402_,1.7
_3512_,1.7
_3571_,1.7
_3675_,1.7
_3698_,1.7
_3712_,1.7
_2011_,1.61
_1448_,1.6
_1474_,1.6
_3068_,1.6
_3159_,1.6
_3541_,1.6
_3592_,1.6
_3710_,1.6
_3858_,1.6
_3874_,1.6
_3899_,1.6
_3940_,1.6
_4085_,1.6
_4113_,1.6
_4160_,1.6
_4214_,1.6
_4224_,1.6
_0008_,1.575
_0037_,1.575
_0199_,1.575
_0370_,1.575
_0378_,1.575
_0530_,1.575
_0629_,1.575
_0697_,1.575
_0983_,1.575
_1433_,1.48
_3306_,1.48
_3644_,1.48
_3826_,1.48
_2561_,1.46
_0179_,1.405
_0230_,1.405
_0231_,1.405
_0342_,1.405
_0538_,1.405
_0597_,1.405
_0615_,1.405
_0683_,1.405
_0725_,1.405
_0763_,1.405
_0888_,1.405
_1598_,1.38
_2108_,1.38
_2147_,1.38
_2396_,1.38
_2502_,1.38
_2689_,1.38
_2953_,1.38
_1357_,1.26
_2656_,1.26
_2724_,1.26
_2740_,1.26
_2782_,1.26
_2783_,1.26
_2026_,1.14
_2795_,1.14
_3057_,1.14
_3069_,1.14
_3079_,1.14
_3148_,1.14
_3194_,1.14
_3208_,1.14
_3269_,1.14
_3271_,1.14
_3435_,1.14
_3447_,1.14
_3500_,1.14
_3504_,1.14
_3505_,1.14
_3506_,1.14
_3570_,1.14
_3582_,1.14
_3600_,1.14
_3605_,1.14
_3641_,1.14
_3718_,1.14
_3731_,1.14
_3734_,1.14
_3740_,1.14
_3742_,1.14
_3803_,1.14
_3819_,1.14
_3849_,1.14
_3866_,1.14
_3892_,1.14
_3922_,1.14
_3958_,1.14
_4017_,1.14
_4053_,1.14
_4062_,1.14
_4066_,1.14
_4128_,1.14
_4132_,1.14
_4148_,1.14
_4185_,1.14
_4190_,1.14
_1507_,1.02
_1567_,1.02
_2157_,1.02
_2727_,1.02
_1300_,0.92
_1613_,0.92
_1633_,0.92
_1957_,0.92
_2059_,0.92
_2370_,0.92
_2548_,0.92
_2600_,0.92
_2667_,0.92
_2693_,0.92
_2788_,0.92
_2917_,0.8
_1244_,0.46
_2353_,0.46
_2431_,0.46
_2814_,0.46
